{"type":"FeatureCollection","features":[{"type":"Feature","properties":{"id":"bld-0","height_m":4.5,"category":"residential"},"geometry":{"type":"Polygon","coordinates":[[[46.5807344,24.7321541],[46.5810667,24.7319197],[46.5809589,24.731784],[46.5806216,24.7320059],[46.5807344,24.7321541]]]}},{"type":"Feature","properties":{"id":"bld-1","height_m":9,"category":"landmark_scale"},"geometry":{"type":"Polygon","coordinates":[[[46.5774417,24.7331845],[46.5775762,24.7331315],[46.5775673,24.7331126],[46.5777048,24.733056],[46.5777206,24.7330803],[46.5778245,24.7332734],[46.5775307,24.733383],[46.5774417,24.7331845]]]}},{"type":"Feature","properties":{"id":"bld-2","height_m":4.5,"category":"residential"},"geometry":{"type":"Polygon","coordinates":[[[46.5823654,24.7351716],[46.5826453,24.7350485],[46.5827818,24.7352982],[46.5825028,24.7354195],[46.5823654,24.7351716]]]}},{"type":"Feature","properties":{"id":"bld-3","height_m":4.5,"category":"residential"},"geometry":{"type":"Polygon","coordinates":[[[46.5765605,24.740689],[46.5767731,24.7409082],[46.5769581,24.740742],[46.5767978,24.7405587],[46.5765605,24.740689]]]}},{"type":"Feature","properties":{"id":"bld-4","height_m":4.5,"category":"residential"},"geometry":{"type":"Polygon","coordinates":[[[46.5658863,24.7397044],[46.5660861,24.7397988],[46.5660515,24.7398599],[46.5661741,24.7399173],[46.5659882,24.7402407],[46.5658724,24.7401868],[46.5656816,24.7402093],[46.5654204,24.7400871],[46.5655362,24.7398868],[46.5656351,24.7399326],[46.5657251,24.7397763],[46.565819,24.7398203],[46.5658863,24.7397044]]]}},{"type":"Feature","properties":{"id":"bld-5","height_m":4.5,"category":"residential"},"geometry":{"type":"Polygon","coordinates":[[[46.5649486,24.7395338],[46.564736,24.7399668],[46.5653186,24.7400404],[46.565464,24.7396712],[46.5649486,24.7395338]]]}},{"type":"Feature","properties":{"id":"bld-6","height_m":4.5,"category":"residential"},"geometry":{"type":"Polygon","coordinates":[[[46.5663937,24.7404635],[46.5666588,24.7406108],[46.5664936,24.7408669],[46.5663957,24.7409809],[46.5661504,24.7409226],[46.5662641,24.7407582],[46.5661622,24.7406908],[46.5660347,24.7408902],[46.5657696,24.7407519],[46.56591,24.7405336],[46.566001,24.7405803],[46.5660475,24.7405075],[46.5662849,24.740627],[46.5663937,24.7404635]]]}},{"type":"Feature","properties":{"id":"bld-7","height_m":4.5,"category":"residential"},"geometry":{"type":"Polygon","coordinates":[[[46.5680583,24.7406234],[46.5677438,24.7410735],[46.5678941,24.7411588],[46.5682087,24.7407088],[46.5680583,24.7406234]]]}},{"type":"Feature","properties":{"id":"bld-8","height_m":4.5,"category":"residential"},"geometry":{"type":"Polygon","coordinates":[[[46.5749097,24.7428952],[46.5747801,24.7430093],[46.5747346,24.7429321],[46.5745071,24.7430309],[46.574429,24.7429824],[46.5742035,24.7431926],[46.574247,24.7432249],[46.5742015,24.7432537],[46.5741342,24.7433237],[46.5740887,24.7432878],[46.574062,24.7433067],[46.5739997,24.7432195],[46.5742866,24.7428952],[46.5746199,24.7425934],[46.5746466,24.7426213],[46.5749097,24.7428952]]]}},{"type":"Feature","properties":{"id":"bld-9","height_m":4.5,"category":"residential"},"geometry":{"type":"Polygon","coordinates":[[[46.5753518,24.7432564],[46.57551,24.7431108],[46.57551,24.7430453],[46.5752608,24.7428153],[46.5752262,24.7428252],[46.5751134,24.742968],[46.5752015,24.7430309],[46.5752608,24.7431638],[46.5753518,24.7432564]]]}},{"type":"Feature","properties":{"id":"bld-10","height_m":4.5,"category":"residential"},"geometry":{"type":"Polygon","coordinates":[[[46.5750264,24.7431989],[46.5747969,24.7434226],[46.5749898,24.743578],[46.5751322,24.7434441],[46.5753014,24.7432824],[46.5752282,24.7432168],[46.57515,24.7432591],[46.5750264,24.7431989]]]}},{"type":"Feature","properties":{"id":"bld-11","height_m":4.5,"category":"residential"},"geometry":{"type":"Polygon","coordinates":[[[46.5756762,24.7433893],[46.5755694,24.7432923],[46.5756604,24.743198],[46.5757405,24.7432609],[46.5757702,24.7432339],[46.575789,24.7432483],[46.5758315,24.7432168],[46.5758107,24.7432025],[46.5758295,24.7431881],[46.5757672,24.7431522],[46.5757326,24.7431881],[46.575692,24.7431692],[46.5757326,24.7430911],[46.5756465,24.743065],[46.5756258,24.7430965],[46.5755852,24.7430695],[46.575607,24.7430237],[46.5756762,24.7430066],[46.5757484,24.7429195],[46.5758483,24.7429806],[46.5760728,24.7430309],[46.5760461,24.7431297],[46.5756762,24.7433893]]]}},{"type":"Feature","properties":{"id":"bld-12","height_m":4.5,"category":"residential"},"geometry":{"type":"Polygon","coordinates":[[[46.5755526,24.7436813],[46.575604,24.7436022],[46.5756841,24.7435654],[46.5753765,24.7433336],[46.5751985,24.7434926],[46.5753656,24.7435869],[46.5753093,24.7437055],[46.5754646,24.7437325],[46.57551,24.7436507],[46.5755526,24.7436813]]]}},{"type":"Feature","properties":{"id":"bld-13","height_m":4.5,"category":"residential"},"geometry":{"type":"Polygon","coordinates":[[[46.5755239,24.7438942],[46.5755318,24.7438025],[46.5755991,24.743798],[46.5756525,24.7436795],[46.5757702,24.7436184],[46.5758968,24.7437639],[46.5758829,24.743931],[46.5756732,24.7439283],[46.5756683,24.743904],[46.5755239,24.7438942]]]}},{"type":"Feature","properties":{"id":"bld-14","height_m":4.5,"category":"residential"},"geometry":{"type":"Polygon","coordinates":[[[46.5750699,24.7440711],[46.5752905,24.7441538],[46.5754161,24.7439211],[46.5754586,24.7439184],[46.5754833,24.743781],[46.5750996,24.7437298],[46.5750007,24.7436211],[46.5749304,24.7436867],[46.5748889,24.7436696],[46.5748078,24.743834],[46.5749987,24.743931],[46.5750303,24.7438852],[46.5751668,24.7440109],[46.5750699,24.7440711]]]}},{"type":"Feature","properties":{"id":"bld-15","height_m":4.5,"category":"residential"},"geometry":{"type":"Polygon","coordinates":[[[46.575242,24.7443864],[46.5752905,24.7442077],[46.5757168,24.7444341],[46.5756198,24.7445598],[46.5754289,24.7444556],[46.575242,24.7443864]]]}},{"type":"Feature","properties":{"id":"bld-16","height_m":4.5,"category":"residential"},"geometry":{"type":"Polygon","coordinates":[[[46.5741906,24.7429006],[46.5738642,24.7426554],[46.5740699,24.7424937],[46.5742144,24.7424479],[46.574243,24.7424569],[46.5745447,24.7425494],[46.5741906,24.7429006]]]}},{"type":"Feature","properties":{"id":"bld-17","height_m":4.5,"category":"residential"},"geometry":{"type":"Polygon","coordinates":[[[46.5735309,24.7431396],[46.5734775,24.7430749],[46.5738375,24.7426671],[46.574158,24.7429006],[46.5739433,24.743171],[46.5737801,24.743101],[46.5736565,24.7432321],[46.5735309,24.7431396]]]}},{"type":"Feature","properties":{"id":"bld-18","height_m":4,"category":"residential"},"geometry":{"type":"Polygon","coordinates":[[[46.5743855,24.7394385],[46.5744359,24.7396011],[46.5747099,24.739541],[46.5746614,24.7393739],[46.5743855,24.7394385]]]}},{"type":"Feature","properties":{"id":"bld-19","height_m":4.5,"category":"residential"},"geometry":{"type":"Polygon","coordinates":[[[46.5797868,24.7385411],[46.580044,24.7390334],[46.5796187,24.7392122],[46.5793744,24.7387118],[46.5797868,24.7385411]]]}},{"type":"Feature","properties":{"id":"bld-20","height_m":4.5,"category":"residential"},"geometry":{"type":"Polygon","coordinates":[[[46.5796474,24.7383381],[46.5796869,24.7385016],[46.5793645,24.7385744],[46.5793141,24.7384163],[46.5796474,24.7383381]]]}},{"type":"Feature","properties":{"id":"bld-21","height_m":4.5,"category":"residential"},"geometry":{"type":"Polygon","coordinates":[[[46.5705112,24.7324326],[46.5705112,24.7323392],[46.5704321,24.732341],[46.5704252,24.7323203],[46.5703916,24.7323212],[46.5703935,24.732341],[46.5703085,24.7323446],[46.5703095,24.7324434],[46.5705112,24.7324326]]]}},{"type":"Feature","properties":{"id":"bld-22","height_m":4.5,"category":"residential"},"geometry":{"type":"Polygon","coordinates":[[[46.5806404,24.7373509],[46.5805633,24.737155],[46.5802655,24.7372368],[46.5803051,24.7373158],[46.5802873,24.7373266],[46.5803031,24.7373634],[46.580317,24.7373616],[46.5803516,24.7374488],[46.5806186,24.7373841],[46.5806078,24.7373608],[46.5806404,24.7373509]]]}},{"type":"Feature","properties":{"id":"bld-23","height_m":4.5,"category":"residential"},"geometry":{"type":"Polygon","coordinates":[[[46.5794288,24.7377138],[46.579412,24.7376563],[46.5793863,24.7376626],[46.5793685,24.7376033],[46.5793823,24.7375997],[46.5793724,24.7375665],[46.5792122,24.737606],[46.5792567,24.7377551],[46.5794288,24.7377138]]]}},{"type":"Feature","properties":{"id":"bld-24","height_m":4.5,"category":"residential"},"geometry":{"type":"Polygon","coordinates":[[[46.5791637,24.7377659],[46.5791518,24.7377282],[46.5791271,24.7376455],[46.5789708,24.737685],[46.5789867,24.7377362],[46.5789669,24.7377416],[46.5789877,24.7378099],[46.5791637,24.7377659]]]}},{"type":"Feature","properties":{"id":"bld-25","height_m":4.5,"category":"residential"},"geometry":{"type":"Polygon","coordinates":[[[46.5790727,24.7372548],[46.5790965,24.7373266],[46.5790529,24.7373383],[46.5790608,24.7373634],[46.5788611,24.7374164],[46.5788294,24.7373194],[46.5790727,24.7372548]]]}},{"type":"Feature","properties":{"id":"bld-26","height_m":4.5,"category":"residential"},"geometry":{"type":"Polygon","coordinates":[[[46.5793467,24.73788],[46.57932,24.7377991],[46.5792053,24.7378306],[46.579232,24.7379114],[46.5793467,24.73788]]]}},{"type":"Feature","properties":{"id":"bld-27","height_m":4.5,"category":"residential"},"geometry":{"type":"Polygon","coordinates":[[[46.5791677,24.7377794],[46.5791805,24.7378198],[46.5791291,24.7378324],[46.5791162,24.7377928],[46.5791677,24.7377794]]]}},{"type":"Feature","properties":{"id":"bld-28","height_m":4.5,"category":"residential"},"geometry":{"type":"Polygon","coordinates":[[[46.5790332,24.7378593],[46.5790163,24.7378099],[46.57896,24.7378261],[46.5789768,24.7378746],[46.5790332,24.7378593]]]}},{"type":"Feature","properties":{"id":"bld-29","height_m":4.5,"category":"residential"},"geometry":{"type":"Polygon","coordinates":[[[46.5792478,24.7378027],[46.5792201,24.7377111],[46.5791518,24.7377282],[46.5791637,24.7377659],[46.5791677,24.7377794],[46.5791805,24.7378198],[46.5792478,24.7378027]]]}},{"type":"Feature","properties":{"id":"bld-30","height_m":4.5,"category":"residential"},"geometry":{"type":"Polygon","coordinates":[[[46.5790608,24.7373634],[46.5790876,24.7374461],[46.5788878,24.7374982],[46.5788611,24.7374164],[46.5790608,24.7373634]]]}},{"type":"Feature","properties":{"id":"bld-31","height_m":4.5,"category":"residential"},"geometry":{"type":"Polygon","coordinates":[[[46.5783744,24.7375269],[46.5784585,24.7376734],[46.5785267,24.737791],[46.5779976,24.7380435],[46.5779105,24.737871],[46.5780985,24.7377776],[46.5778878,24.7378324],[46.5778364,24.7376671],[46.5781014,24.7376051],[46.5782607,24.7375215],[46.5782735,24.7375584],[46.5783744,24.7375269]]]}},{"type":"Feature","properties":{"id":"bld-32","height_m":9,"category":"landmark_scale"},"geometry":{"type":"Polygon","coordinates":[[[46.578411,24.7375135],[46.5787206,24.7374398],[46.5788373,24.7378018],[46.5785673,24.7378683],[46.5785267,24.737791],[46.5784585,24.7376734],[46.5784842,24.737659],[46.578411,24.7375135]]]}},{"type":"Feature","properties":{"id":"bld-33","height_m":4,"category":"residential"},"geometry":{"type":"Polygon","coordinates":[[[46.5750343,24.7381081],[46.5751678,24.7381216],[46.575155,24.7383031],[46.5750303,24.7382878],[46.5750343,24.7381081]]]}},{"type":"Feature","properties":{"id":"bld-34","height_m":4,"category":"residential"},"geometry":{"type":"Polygon","coordinates":[[[46.5748563,24.7382645],[46.5749918,24.7382824],[46.5750086,24.7381171],[46.5748721,24.7381001],[46.5748563,24.7382645]]]}},{"type":"Feature","properties":{"id":"bld-35","height_m":4.5,"category":"residential"},"geometry":{"type":"Polygon","coordinates":[[[46.574157,24.7377982],[46.5741421,24.7376356],[46.5740868,24.7376392],[46.5740887,24.7376644],[46.5740521,24.7376671],[46.5740521,24.7376976],[46.573979,24.737703],[46.573975,24.7376491],[46.5738632,24.7376491],[46.57388,24.737756],[46.5739018,24.737783],[46.5739196,24.7377848],[46.5739226,24.737818],[46.574157,24.7377982]]]}},{"type":"Feature","properties":{"id":"bld-36","height_m":4.5,"category":"residential"},"geometry":{"type":"Polygon","coordinates":[[[46.5773725,24.7319026],[46.5774862,24.7318604],[46.5775347,24.7319924],[46.5774813,24.7320041],[46.5774625,24.7319592],[46.5774031,24.7319736],[46.5773725,24.7319026]]]}},{"type":"Feature","properties":{"id":"bld-37","height_m":4.5,"category":"residential"},"geometry":{"type":"Polygon","coordinates":[[[46.5772983,24.7319197],[46.5773527,24.7320392],[46.5772241,24.7320796],[46.5771727,24.7319583],[46.5772983,24.7319197]]]}},{"type":"Feature","properties":{"id":"bld-38","height_m":4.5,"category":"residential"},"geometry":{"type":"Polygon","coordinates":[[[46.5771262,24.7320957],[46.5771549,24.7321622],[46.5770372,24.7322053],[46.5769927,24.7321209],[46.5770481,24.7320984],[46.577057,24.73212],[46.5770758,24.732111],[46.5770787,24.7321164],[46.5771262,24.7320957]]]}},{"type":"Feature","properties":{"id":"bld-39","height_m":4,"category":"residential"},"geometry":{"type":"Polygon","coordinates":[[[46.5769818,24.7321739],[46.5769996,24.7322152],[46.5769422,24.7322296],[46.5769561,24.73227],[46.5770115,24.7322556],[46.5770293,24.7323051],[46.5769749,24.7323212],[46.5769887,24.7323608],[46.5770471,24.7323455],[46.5770669,24.7324102],[46.5769867,24.7324362],[46.5769709,24.7323958],[46.5769175,24.732412],[46.5769066,24.7323841],[46.5768977,24.7323877],[46.5768958,24.7323769],[46.5768789,24.732376],[46.5768671,24.7323482],[46.5769175,24.7323302],[46.5769086,24.7323078],[46.57687,24.7323176],[46.5768493,24.7322503],[46.5769047,24.7322296],[46.5768948,24.7321982],[46.5769818,24.7321739]]]}},{"type":"Feature","properties":{"id":"bld-40","height_m":4.5,"category":"residential"},"geometry":{"type":"Polygon","coordinates":[[[46.5771677,24.732191],[46.5772182,24.7323266],[46.5771816,24.7323383],[46.5771826,24.7323455],[46.5771035,24.7323724],[46.5770787,24.7323212],[46.5771351,24.7323015],[46.5771153,24.7322601],[46.5770619,24.7322781],[46.5770411,24.7322287],[46.5771677,24.732191]]]}},{"type":"Feature","properties":{"id":"bld-41","height_m":4,"category":"residential"},"geometry":{"type":"Polygon","coordinates":[[[46.5773567,24.7321218],[46.5774111,24.7322556],[46.5772914,24.7322943],[46.5773171,24.7323608],[46.5772558,24.7323814],[46.5771727,24.7321613],[46.5772568,24.7321299],[46.5772647,24.7321541],[46.5773567,24.7321218]]]}},{"type":"Feature","properties":{"id":"bld-42","height_m":4.5,"category":"residential"},"geometry":{"type":"Polygon","coordinates":[[[46.5774882,24.7322467],[46.57751,24.7323042],[46.5774991,24.7323275],[46.5773448,24.732376],[46.5773161,24.7322961],[46.5774882,24.7322467]]]}},{"type":"Feature","properties":{"id":"bld-43","height_m":4.5,"category":"residential"},"geometry":{"type":"Polygon","coordinates":[[[46.5771361,24.7326204],[46.5771954,24.7327623],[46.577058,24.7328009],[46.5769956,24.7326599],[46.5771361,24.7326204]]]}},{"type":"Feature","properties":{"id":"bld-44","height_m":4.5,"category":"residential"},"geometry":{"type":"Polygon","coordinates":[[[46.5772113,24.7327928],[46.5772568,24.7329456],[46.5771826,24.7329626],[46.5771519,24.7328926],[46.5771074,24.7329024],[46.5770777,24.7328324],[46.5772113,24.7327928]]]}},{"type":"Feature","properties":{"id":"bld-45","height_m":4.5,"category":"residential"},"geometry":{"type":"Polygon","coordinates":[[[46.5777286,24.7326284],[46.5777938,24.7327991],[46.5776544,24.7328458],[46.5776089,24.7327362],[46.5775001,24.7327659],[46.5775199,24.7328422],[46.5775396,24.7328369],[46.5775683,24.7329213],[46.5774932,24.7329473],[46.5774754,24.7329518],[46.5773923,24.7327264],[46.5777286,24.7326284]]]}},{"type":"Feature","properties":{"id":"bld-46","height_m":4.5,"category":"residential"},"geometry":{"type":"Polygon","coordinates":[[[46.5773329,24.732756],[46.577238,24.732783],[46.5772538,24.7328315],[46.5772963,24.7328189],[46.5772983,24.732836],[46.577329,24.7328539],[46.5773577,24.7329312],[46.5774477,24.7329114],[46.577417,24.7328369],[46.5773329,24.732756]]]}},{"type":"Feature","properties":{"id":"bld-47","height_m":4.5,"category":"residential"},"geometry":{"type":"Polygon","coordinates":[[[46.5773141,24.7332007],[46.5773656,24.7333363],[46.577237,24.7333776],[46.5771895,24.7332465],[46.5771964,24.7332213],[46.577233,24.7332061],[46.57724,24.733224],[46.5773141,24.7332007]]]}},{"type":"Feature","properties":{"id":"bld-48","height_m":4.5,"category":"residential"},"geometry":{"type":"Polygon","coordinates":[[[46.5773675,24.7333615],[46.577414,24.7334881],[46.577324,24.7335169],[46.5772914,24.7334342],[46.5772716,24.7334396],[46.5772538,24.7333929],[46.5773675,24.7333615]]]}},{"type":"Feature","properties":{"id":"bld-49","height_m":4.5,"category":"residential"},"geometry":{"type":"Polygon","coordinates":[[[46.5768087,24.7329869],[46.5768483,24.7330929],[46.57669,24.7331405],[46.5766514,24.7330282],[46.5768087,24.7329869]]]}},{"type":"Feature","properties":{"id":"bld-50","height_m":4.5,"category":"residential"},"geometry":{"type":"Polygon","coordinates":[[[46.5768483,24.7331333],[46.576872,24.7332132],[46.5768987,24.7332007],[46.5769195,24.7332636],[46.5767464,24.733313],[46.576692,24.7331611],[46.5768483,24.7331333]]]}},{"type":"Feature","properties":{"id":"bld-51","height_m":4.5,"category":"residential"},"geometry":{"type":"Polygon","coordinates":[[[46.5766099,24.7330075],[46.5766574,24.7331252],[46.5764704,24.7331872],[46.5764121,24.7330632],[46.5766099,24.7330075]]]}},{"type":"Feature","properties":{"id":"bld-52","height_m":4.5,"category":"residential"},"geometry":{"type":"Polygon","coordinates":[[[46.5766603,24.7331728],[46.5767237,24.7333237],[46.5765426,24.7333794],[46.5765328,24.7333633],[46.5765703,24.7333525],[46.5765545,24.7333192],[46.576509,24.7333318],[46.5764892,24.7332869],[46.5765407,24.7332716],[46.5765308,24.7332474],[46.5764912,24.7332582],[46.5764784,24.7332276],[46.5766603,24.7331728]]]}},{"type":"Feature","properties":{"id":"bld-53","height_m":4.5,"category":"residential"},"geometry":{"type":"Polygon","coordinates":[[[46.5767316,24.7333758],[46.5767751,24.7334971],[46.5765881,24.7335528],[46.5765634,24.7334809],[46.5766178,24.7334675],[46.576599,24.7334118],[46.5767316,24.7333758]]]}},{"type":"Feature","properties":{"id":"bld-54","height_m":4.5,"category":"residential"},"geometry":{"type":"Polygon","coordinates":[[[46.5769304,24.7333121],[46.576778,24.733357],[46.5768117,24.73348],[46.5769719,24.7334297],[46.5769304,24.7333121]]]}},{"type":"Feature","properties":{"id":"bld-55","height_m":4.5,"category":"residential"},"geometry":{"type":"Polygon","coordinates":[[[46.5769828,24.7334648],[46.5770431,24.7336139],[46.576871,24.7336624],[46.5768414,24.7336058],[46.5768938,24.7335887],[46.576875,24.7335528],[46.5768334,24.7335663],[46.5768107,24.7335088],[46.5769828,24.7334648]]]}},{"type":"Feature","properties":{"id":"bld-56","height_m":4.5,"category":"residential"},"geometry":{"type":"Polygon","coordinates":[[[46.5767909,24.7335169],[46.5768067,24.7335609],[46.5767494,24.7335762],[46.5767672,24.7336103],[46.5768146,24.7336013],[46.5768384,24.7336687],[46.5766791,24.7337226],[46.5766534,24.7336741],[46.5767019,24.733657],[46.5766861,24.7336058],[46.5766376,24.7336202],[46.5766149,24.7335645],[46.5767909,24.7335169]]]}},{"type":"Feature","properties":{"id":"bld-57","height_m":4.5,"category":"residential"},"geometry":{"type":"Polygon","coordinates":[[[46.5762934,24.7332815],[46.5763498,24.7334261],[46.5761164,24.7334998],[46.576054,24.7333453],[46.5762934,24.7332815]]]}},{"type":"Feature","properties":{"id":"bld-58","height_m":4.5,"category":"residential"},"geometry":{"type":"Polygon","coordinates":[[[46.5763508,24.7334594],[46.5764052,24.7336058],[46.5761846,24.7336705],[46.5761243,24.7335214],[46.5763508,24.7334594]]]}},{"type":"Feature","properties":{"id":"bld-59","height_m":4.5,"category":"residential"},"geometry":{"type":"Polygon","coordinates":[[[46.5764101,24.7336561],[46.5764497,24.7337747],[46.5762439,24.7338394],[46.5761905,24.7337082],[46.5764101,24.7336561]]]}},{"type":"Feature","properties":{"id":"bld-60","height_m":4.5,"category":"residential"},"geometry":{"type":"Polygon","coordinates":[[[46.5764348,24.733816],[46.5764744,24.7339364],[46.5762964,24.7339822],[46.5762538,24.7338672],[46.5764348,24.733816]]]}},{"type":"Feature","properties":{"id":"bld-61","height_m":4.5,"category":"residential"},"geometry":{"type":"Polygon","coordinates":[[[46.5764952,24.7339912],[46.5763181,24.7340406],[46.5763537,24.7341376],[46.5764259,24.7341187],[46.5764329,24.7341286],[46.5765337,24.7341062],[46.5764952,24.7339912]]]}},{"type":"Feature","properties":{"id":"bld-62","height_m":4.5,"category":"residential"},"geometry":{"type":"Polygon","coordinates":[[[46.5760333,24.7333803],[46.5759828,24.7333956],[46.5760036,24.7334423],[46.5759492,24.7334558],[46.5759779,24.7335438],[46.5760807,24.7335088],[46.5760333,24.7333803]]]}},{"type":"Feature","properties":{"id":"bld-63","height_m":4.5,"category":"residential"},"geometry":{"type":"Polygon","coordinates":[[[46.5760768,24.7335384],[46.5759354,24.7335843],[46.5759739,24.733701],[46.5760442,24.7336795],[46.5760491,24.7336678],[46.5761243,24.7336489],[46.5760768,24.7335384]]]}},{"type":"Feature","properties":{"id":"bld-64","height_m":4.5,"category":"residential"},"geometry":{"type":"Polygon","coordinates":[[[46.5761589,24.7337163],[46.5762093,24.733851],[46.5759996,24.7339148],[46.5759779,24.7338564],[46.5760254,24.7338421],[46.5760224,24.7338223],[46.5760798,24.7338106],[46.576056,24.7337424],[46.5761589,24.7337163]]]}},{"type":"Feature","properties":{"id":"bld-65","height_m":4.5,"category":"residential"},"geometry":{"type":"Polygon","coordinates":[[[46.5761688,24.7338924],[46.5761895,24.7339382],[46.5761747,24.7339445],[46.5761856,24.7339687],[46.5762014,24.7339633],[46.5762222,24.7340056],[46.5761084,24.7340361],[46.5761164,24.7340541],[46.5760748,24.7340639],[46.5760214,24.7339391],[46.5761688,24.7338924]]]}},{"type":"Feature","properties":{"id":"bld-66","height_m":4.5,"category":"residential"},"geometry":{"type":"Polygon","coordinates":[[[46.5762776,24.7340514],[46.576332,24.7341807],[46.5761945,24.7342221],[46.5761876,24.7342077],[46.576145,24.7342212],[46.5760936,24.7341062],[46.5762776,24.7340514]]]}},{"type":"Feature","properties":{"id":"bld-67","height_m":4.5,"category":"residential"},"geometry":{"type":"Polygon","coordinates":[[[46.5765941,24.7342715],[46.5766366,24.7343703],[46.5764536,24.7344296],[46.5764071,24.7343227],[46.5765941,24.7342715]]]}},{"type":"Feature","properties":{"id":"bld-68","height_m":4.5,"category":"residential"},"geometry":{"type":"Polygon","coordinates":[[[46.5766663,24.7345993],[46.5766821,24.734638],[46.5766989,24.734629],[46.5767375,24.7347206],[46.5765674,24.7347709],[46.576515,24.7346407],[46.5766663,24.7345993]]]}},{"type":"Feature","properties":{"id":"bld-69","height_m":4.5,"category":"residential"},"geometry":{"type":"Polygon","coordinates":[[[46.5764912,24.7346568],[46.5765417,24.7347718],[46.5764962,24.7347799],[46.5764922,24.73477],[46.5764131,24.7347898],[46.5764249,24.7348086],[46.5763686,24.7348257],[46.5763181,24.7346919],[46.5763933,24.7346658],[46.5764002,24.7346865],[46.5764912,24.7346568]]]}},{"type":"Feature","properties":{"id":"bld-70","height_m":4.5,"category":"residential"},"geometry":{"type":"Polygon","coordinates":[[[46.5765426,24.7348158],[46.5766089,24.7349811],[46.5764497,24.7350305],[46.5764042,24.7349227],[46.5764784,24.7349066],[46.5764457,24.7348383],[46.5765426,24.7348158]]]}},{"type":"Feature","properties":{"id":"bld-71","height_m":4.5,"category":"residential"},"geometry":{"type":"Polygon","coordinates":[[[46.5767365,24.7348033],[46.5765862,24.7348473],[46.5766317,24.7349793],[46.5768156,24.7349299],[46.5767919,24.7348769],[46.5768018,24.7348724],[46.576782,24.7348329],[46.5767523,24.7348392],[46.5767365,24.7348033]]]}},{"type":"Feature","properties":{"id":"bld-72","height_m":4.5,"category":"residential"},"geometry":{"type":"Polygon","coordinates":[[[46.576784,24.7349676],[46.5768226,24.735062],[46.5768898,24.7350431],[46.5769205,24.7351222],[46.5767088,24.7351931],[46.5766327,24.7350036],[46.576784,24.7349676]]]}},{"type":"Feature","properties":{"id":"bld-73","height_m":4.5,"category":"residential"},"geometry":{"type":"Polygon","coordinates":[[[46.5769205,24.73515],[46.5769956,24.735318],[46.5767721,24.7353899],[46.5767256,24.735256],[46.5767612,24.735247],[46.5767553,24.7352237],[46.5767721,24.735221],[46.5767622,24.7351958],[46.5769205,24.73515]]]}},{"type":"Feature","properties":{"id":"bld-74","height_m":4.5,"category":"residential"},"geometry":{"type":"Polygon","coordinates":[[[46.5766158,24.7350189],[46.5766673,24.7351554],[46.576597,24.7351725],[46.5765832,24.7351419],[46.5765674,24.7351464],[46.5765575,24.7351213],[46.5765486,24.7351222],[46.5765357,24.7350952],[46.576421,24.7351293],[46.5763963,24.7350719],[46.5766158,24.7350189]]]}},{"type":"Feature","properties":{"id":"bld-75","height_m":4.5,"category":"residential"},"geometry":{"type":"Polygon","coordinates":[[[46.5776385,24.7352614],[46.5774635,24.7353054],[46.5775011,24.7354375],[46.577688,24.7354042],[46.5776385,24.7352614]]]}},{"type":"Feature","properties":{"id":"bld-76","height_m":4.5,"category":"residential"},"geometry":{"type":"Polygon","coordinates":[[[46.5774358,24.7353458],[46.5772459,24.7353943],[46.5772617,24.7354429],[46.577322,24.7354285],[46.5773438,24.7354977],[46.5774724,24.7354689],[46.5774358,24.7353458]]]}},{"type":"Feature","properties":{"id":"bld-77","height_m":4.5,"category":"residential"},"geometry":{"type":"Polygon","coordinates":[[[46.5775723,24.7351752],[46.577596,24.735238],[46.5774536,24.7352776],[46.5774041,24.7351581],[46.5774843,24.7351329],[46.577503,24.7351805],[46.5775298,24.7351743],[46.5775426,24.7351814],[46.5775723,24.7351752]]]}},{"type":"Feature","properties":{"id":"bld-78","height_m":4.5,"category":"residential"},"geometry":{"type":"Polygon","coordinates":[[[46.5773863,24.7351752],[46.5774239,24.7352866],[46.5772943,24.7353261],[46.5772874,24.7353108],[46.5772459,24.7353225],[46.5772212,24.7352839],[46.5771954,24.7352066],[46.5772617,24.7351877],[46.5772775,24.7352273],[46.577329,24.7352111],[46.577323,24.735194],[46.5773863,24.7351752]]]}},{"type":"Feature","properties":{"id":"bld-79","height_m":4.5,"category":"residential"},"geometry":{"type":"Polygon","coordinates":[[[46.5773122,24.7350117],[46.5773507,24.7351087],[46.577232,24.7351482],[46.5772024,24.7350781],[46.5772479,24.7350656],[46.5772301,24.735018],[46.5772597,24.7350099],[46.5772657,24.7350242],[46.5773122,24.7350117]]]}},{"type":"Feature","properties":{"id":"bld-80","height_m":4.5,"category":"residential"},"geometry":{"type":"Polygon","coordinates":[[[46.577505,24.7349173],[46.5775565,24.735062],[46.5773853,24.7351033],[46.577328,24.7349632],[46.577505,24.7349173]]]}},{"type":"Feature","properties":{"id":"bld-81","height_m":4.5,"category":"residential"},"geometry":{"type":"Polygon","coordinates":[[[46.5772103,24.7348194],[46.5772518,24.7349254],[46.5771222,24.7349659],[46.5770837,24.7348599],[46.5772103,24.7348194]]]}},{"type":"Feature","properties":{"id":"bld-82","height_m":4,"category":"residential"},"geometry":{"type":"Polygon","coordinates":[[[46.5774249,24.7347844],[46.5774645,24.7348895],[46.577324,24.7349353],[46.5772775,24.7348248],[46.5774249,24.7347844]]]}},{"type":"Feature","properties":{"id":"bld-83","height_m":4,"category":"residential"},"geometry":{"type":"Polygon","coordinates":[[[46.5771529,24.7346425],[46.5771974,24.7347574],[46.5770807,24.7347925],[46.5770332,24.7346757],[46.5771529,24.7346425]]]}},{"type":"Feature","properties":{"id":"bld-84","height_m":4.5,"category":"residential"},"geometry":{"type":"Polygon","coordinates":[[[46.5771163,24.7344556],[46.5771668,24.7345823],[46.5769996,24.7346344],[46.5769492,24.7345032],[46.5771163,24.7344556]]]}},{"type":"Feature","properties":{"id":"bld-85","height_m":4.5,"category":"residential"},"geometry":{"type":"Polygon","coordinates":[[[46.5770777,24.7343236],[46.5771193,24.7344296],[46.5770659,24.7344484],[46.577053,24.7344332],[46.5770174,24.7344439],[46.5770184,24.7344619],[46.576965,24.734479],[46.5769264,24.7343855],[46.5769383,24.7343802],[46.5769353,24.7343685],[46.5769571,24.7343604],[46.576964,24.7343397],[46.5770085,24.7343236],[46.5770184,24.7343343],[46.5770649,24.7343191],[46.5770777,24.7343236]]]}},{"type":"Feature","properties":{"id":"bld-86","height_m":4.5,"category":"residential"},"geometry":{"type":"Polygon","coordinates":[[[46.5769927,24.7341268],[46.5770471,24.7342571],[46.5769858,24.7342777],[46.5769591,24.7342122],[46.5769215,24.7342212],[46.5769462,24.7342894],[46.5768878,24.7343092],[46.5768374,24.7341664],[46.5769927,24.7341268]]]}},{"type":"Feature","properties":{"id":"bld-87","height_m":4.5,"category":"residential"},"geometry":{"type":"Polygon","coordinates":[[[46.5771875,24.7340792],[46.5772429,24.7342095],[46.5770896,24.7342463],[46.5770679,24.7341924],[46.5771124,24.7341789],[46.5770995,24.7341502],[46.5770599,24.7341637],[46.5770382,24.7341152],[46.5771875,24.7340792]]]}},{"type":"Feature","properties":{"id":"bld-88","height_m":4.5,"category":"residential"},"geometry":{"type":"Polygon","coordinates":[[[46.5772538,24.7342346],[46.5773131,24.7343793],[46.5771371,24.7344305],[46.5770797,24.7342795],[46.5772538,24.7342346]]]}},{"type":"Feature","properties":{"id":"bld-89","height_m":4.5,"category":"residential"},"geometry":{"type":"Polygon","coordinates":[[[46.5773201,24.7344008],[46.5773468,24.7344637],[46.577329,24.73447],[46.5773527,24.7345266],[46.5772854,24.7345454],[46.5773013,24.7345868],[46.5772093,24.7346146],[46.577142,24.7344502],[46.5773201,24.7344008]]]}},{"type":"Feature","properties":{"id":"bld-90","height_m":4.5,"category":"residential"},"geometry":{"type":"Polygon","coordinates":[[[46.5773646,24.7346029],[46.5774121,24.7347287],[46.5773517,24.7347458],[46.57733,24.7346928],[46.5772973,24.7347009],[46.5773171,24.7347521],[46.5772667,24.7347637],[46.5772192,24.7346407],[46.5773646,24.7346029]]]}},{"type":"Feature","properties":{"id":"bld-91","height_m":4.5,"category":"residential"},"geometry":{"type":"Polygon","coordinates":[[[46.5780856,24.7351275],[46.5781608,24.7353404],[46.5780747,24.7353656],[46.5780451,24.7352901],[46.5780134,24.7352982],[46.5779966,24.7352587],[46.5779452,24.7352749],[46.5779333,24.7352425],[46.5779185,24.7352452],[46.5778967,24.7351841],[46.5779709,24.7351608],[46.577963,24.7351419],[46.5779986,24.735132],[46.5780045,24.7351491],[46.5780856,24.7351275]]]}},{"type":"Feature","properties":{"id":"bld-92","height_m":4.5,"category":"residential"},"geometry":{"type":"Polygon","coordinates":[[[46.5781578,24.7351464],[46.5781202,24.7351545],[46.5781845,24.7353171],[46.5783309,24.7352866],[46.5782904,24.735177],[46.5782528,24.7351823],[46.5782439,24.7351446],[46.5781657,24.7351671],[46.5781578,24.7351464]]]}},{"type":"Feature","properties":{"id":"bld-93","height_m":4.5,"category":"residential"},"geometry":{"type":"Polygon","coordinates":[[[46.5780124,24.7349721],[46.5779966,24.7349407],[46.5778314,24.7349874],[46.5778522,24.7350521],[46.5778878,24.7350611],[46.5779046,24.7351302],[46.5779293,24.7351338],[46.578051,24.7351006],[46.5780441,24.7350835],[46.5780253,24.7350305],[46.5780401,24.7350233],[46.5780213,24.7349802],[46.5780124,24.7349721]]]}},{"type":"Feature","properties":{"id":"bld-94","height_m":4.5,"category":"residential"},"geometry":{"type":"Polygon","coordinates":[[[46.5781351,24.7348608],[46.5780273,24.7348976],[46.5780421,24.7349479],[46.5781103,24.7349236],[46.5781212,24.7349533],[46.5781064,24.7349578],[46.5781133,24.7349757],[46.5780569,24.7349982],[46.5781044,24.7350898],[46.5781212,24.7350925],[46.5782172,24.7350602],[46.5781351,24.7348608]]]}},{"type":"Feature","properties":{"id":"bld-95","height_m":4.5,"category":"residential"},"geometry":{"type":"Polygon","coordinates":[[[46.5783942,24.7348949],[46.5784259,24.7350126],[46.5782735,24.7350548],[46.578228,24.7349272],[46.5782686,24.7349164],[46.5782439,24.7348509],[46.5783705,24.734814],[46.5783942,24.7348949]]]}},{"type":"Feature","properties":{"id":"bld-96","height_m":4.5,"category":"residential"},"geometry":{"type":"Polygon","coordinates":[[[46.5786435,24.7350224],[46.5786563,24.7350763],[46.5786771,24.7350728],[46.5786939,24.7351159],[46.5787295,24.7351329],[46.5787246,24.7351743],[46.5787058,24.7351967],[46.5786721,24.7351832],[46.5786583,24.7352084],[46.5786316,24.7352093],[46.5786237,24.7352012],[46.5786118,24.7352228],[46.5785891,24.7352228],[46.5785604,24.7352057],[46.5785614,24.7351922],[46.5785436,24.7351814],[46.5785267,24.7351231],[46.578507,24.7350521],[46.5786435,24.7350224]]]}},{"type":"Feature","properties":{"id":"bld-97","height_m":4.5,"category":"residential"},"geometry":{"type":"Polygon","coordinates":[[[46.5790381,24.7349847],[46.5790935,24.7351231],[46.5789867,24.7351599],[46.5789807,24.7351491],[46.578955,24.7351554],[46.5789501,24.7351284],[46.5789778,24.7351159],[46.5789728,24.7350889],[46.5790015,24.7350728],[46.5789718,24.7349991],[46.5790381,24.7349847]]]}},{"type":"Feature","properties":{"id":"bld-98","height_m":4.5,"category":"residential"},"geometry":{"type":"Polygon","coordinates":[[[46.5789708,24.7347979],[46.5790203,24.734912],[46.5789402,24.7349335],[46.5789362,24.7349506],[46.5788769,24.7349685],[46.5788432,24.7348904],[46.5788017,24.7349003],[46.5787849,24.7348527],[46.5789708,24.7347979]]]}},{"type":"Feature","properties":{"id":"bld-99","height_m":4.5,"category":"residential"},"geometry":{"type":"Polygon","coordinates":[[[46.5789085,24.7346317],[46.5789511,24.7347619],[46.578775,24.7348122],[46.5787265,24.7346766],[46.5789085,24.7346317]]]}},{"type":"Feature","properties":{"id":"bld-100","height_m":4.5,"category":"residential"},"geometry":{"type":"Polygon","coordinates":[[[46.5791528,24.7347574],[46.5792122,24.7349048],[46.5790569,24.7349542],[46.5789985,24.7347979],[46.5791528,24.7347574]]]}},{"type":"Feature","properties":{"id":"bld-101","height_m":4.5,"category":"residential"},"geometry":{"type":"Polygon","coordinates":[[[46.5790826,24.734576],[46.5791281,24.7346775],[46.5791212,24.7346955],[46.5789857,24.7347368],[46.5789342,24.734611],[46.5790223,24.7345805],[46.5790272,24.7345922],[46.5790826,24.734576]]]}},{"type":"Feature","properties":{"id":"bld-102","height_m":4.5,"category":"residential"},"geometry":{"type":"Polygon","coordinates":[[[46.5790302,24.7344403],[46.5790658,24.7345517],[46.5789956,24.7345733],[46.5789896,24.7345652],[46.5789283,24.7345841],[46.5789115,24.7345401],[46.5789501,24.7345275],[46.5789342,24.734488],[46.5788986,24.7344969],[46.5788887,24.73447],[46.5790272,24.7344296],[46.5790302,24.7344403]]]}},{"type":"Feature","properties":{"id":"bld-103","height_m":4.5,"category":"residential"},"geometry":{"type":"Polygon","coordinates":[[[46.5788383,24.7344556],[46.5788858,24.7345778],[46.5787424,24.7346155],[46.5786988,24.734496],[46.5788383,24.7344556]]]}},{"type":"Feature","properties":{"id":"bld-104","height_m":4.5,"category":"residential"},"geometry":{"type":"Polygon","coordinates":[[[46.5789639,24.7342122],[46.5789867,24.7342607],[46.5789708,24.734267],[46.5790144,24.7343631],[46.578961,24.7343775],[46.5789342,24.7343837],[46.5788601,24.7344053],[46.5788165,24.7343011],[46.5788818,24.734284],[46.578866,24.7342418],[46.5789639,24.7342122]]]}},{"type":"Feature","properties":{"id":"bld-105","height_m":4.5,"category":"residential"},"geometry":{"type":"Polygon","coordinates":[[[46.578772,24.7342751],[46.5788126,24.7343846],[46.5787038,24.7344233],[46.5786711,24.7343352],[46.5786009,24.7343568],[46.5785841,24.7343155],[46.578686,24.7342831],[46.5786929,24.7342975],[46.578772,24.7342751]]]}},{"type":"Feature","properties":{"id":"bld-106","height_m":4.5,"category":"residential"},"geometry":{"type":"Polygon","coordinates":[[[46.5788818,24.7340271],[46.5787384,24.7340693],[46.5787908,24.7341942],[46.5789313,24.7341547],[46.5788818,24.7340271]]]}},{"type":"Feature","properties":{"id":"bld-107","height_m":4.5,"category":"residential"},"geometry":{"type":"Polygon","coordinates":[[[46.5786514,24.7341035],[46.5787137,24.7342526],[46.5785732,24.7343029],[46.5785396,24.7342247],[46.5785099,24.7341421],[46.5785782,24.7341241],[46.5786514,24.7341035]]]}},{"type":"Feature","properties":{"id":"bld-108","height_m":4.5,"category":"residential"},"geometry":{"type":"Polygon","coordinates":[[[46.5781281,24.7344511],[46.5781865,24.734611],[46.5780282,24.7346667],[46.5780075,24.7346047],[46.577962,24.7346173],[46.5779214,24.7345113],[46.5781281,24.7344511]]]}},{"type":"Feature","properties":{"id":"bld-109","height_m":4.5,"category":"residential"},"geometry":{"type":"Polygon","coordinates":[[[46.5783477,24.7343963],[46.5782152,24.7344296],[46.5782439,24.7344871],[46.5781964,24.7345095],[46.5782172,24.7345571],[46.578318,24.7345239],[46.578326,24.7345454],[46.578412,24.7345158],[46.5783903,24.7344592],[46.5783655,24.7344628],[46.5783477,24.7343963]]]}},{"type":"Feature","properties":{"id":"bld-110","height_m":4.5,"category":"residential"},"geometry":{"type":"Polygon","coordinates":[[[46.5780035,24.7342885],[46.5780668,24.7344475],[46.5779125,24.7344915],[46.5778838,24.734408],[46.5779422,24.7343891],[46.5779145,24.7343155],[46.5780035,24.7342885]]]}},{"type":"Feature","properties":{"id":"bld-111","height_m":4.5,"category":"residential"},"geometry":{"type":"Polygon","coordinates":[[[46.5777622,24.7343649],[46.5778057,24.7344844],[46.5777859,24.7344889],[46.5778008,24.7345266],[46.5776662,24.7345652],[46.5776455,24.7345014],[46.577691,24.7344853],[46.5776712,24.7344242],[46.5776277,24.7344323],[46.5776217,24.7344053],[46.5777622,24.7343649]]]}},{"type":"Feature","properties":{"id":"bld-112","height_m":4.5,"category":"residential"},"geometry":{"type":"Polygon","coordinates":[[[46.5778314,24.7345481],[46.577874,24.7346667],[46.5778166,24.7346811],[46.5778265,24.7347035],[46.5777375,24.7347287],[46.5777236,24.7347161],[46.5777038,24.7346748],[46.5776761,24.7345895],[46.5778314,24.7345481]]]}},{"type":"Feature","properties":{"id":"bld-113","height_m":4.5,"category":"residential"},"geometry":{"type":"Polygon","coordinates":[[[46.5782478,24.7342212],[46.5782636,24.7342786],[46.5782785,24.7342777],[46.578319,24.7343775],[46.5781509,24.7344305],[46.5781183,24.7343541],[46.5781578,24.7343451],[46.5781459,24.7343164],[46.5781103,24.7343272],[46.5780985,24.7342858],[46.5781825,24.7342616],[46.5781687,24.7342409],[46.5782478,24.7342212]]]}},{"type":"Feature","properties":{"id":"bld-114","height_m":4.5,"category":"residential"},"geometry":{"type":"Polygon","coordinates":[[[46.5795425,24.7340163],[46.5795732,24.7340918],[46.5795959,24.7341511],[46.579679,24.7341313],[46.5797225,24.7342508],[46.5795267,24.7342984],[46.5794773,24.7341843],[46.5794921,24.7341798],[46.5794377,24.7340514],[46.5795425,24.7340163]]]}},{"type":"Feature","properties":{"id":"bld-115","height_m":4.5,"category":"residential"},"geometry":{"type":"Polygon","coordinates":[[[46.5794407,24.7341637],[46.5794862,24.7342634],[46.5793032,24.7343254],[46.5792834,24.7342742],[46.5793566,24.7342553],[46.5793467,24.7342337],[46.5792745,24.7342562],[46.5792577,24.7342095],[46.5794407,24.7341637]]]}},{"type":"Feature","properties":{"id":"bld-116","height_m":4.5,"category":"residential"},"geometry":{"type":"Polygon","coordinates":[[[46.5793774,24.7339696],[46.5794308,24.7341295],[46.5792794,24.7341879],[46.5792517,24.7341906],[46.579226,24.7341304],[46.5792794,24.7341098],[46.5792488,24.7340379],[46.5792082,24.7340487],[46.5791993,24.7340226],[46.5793774,24.7339696]]]}},{"type":"Feature","properties":{"id":"bld-117","height_m":4.5,"category":"residential"},"geometry":{"type":"Polygon","coordinates":[[[46.5793111,24.7337666],[46.5793724,24.7339346],[46.5792577,24.7339777],[46.5792409,24.733922],[46.5791835,24.7339409],[46.579134,24.7338304],[46.5793111,24.7337666]]]}},{"type":"Feature","properties":{"id":"bld-118","height_m":4.5,"category":"residential"},"geometry":{"type":"Polygon","coordinates":[[[46.5794565,24.7337379],[46.5794713,24.7337711],[46.5794921,24.7337657],[46.5795,24.7337801],[46.5795336,24.7337747],[46.5795584,24.7338412],[46.579496,24.7338582],[46.5794604,24.7338933],[46.579407,24.7339076],[46.5793853,24.7338654],[46.5794377,24.7338421],[46.579405,24.733754],[46.5794565,24.7337379]]]}},{"type":"Feature","properties":{"id":"bld-119","height_m":4.5,"category":"residential"},"geometry":{"type":"Polygon","coordinates":[[[46.5792537,24.7336229],[46.5793081,24.7337415],[46.5792567,24.7337603],[46.5792359,24.7337172],[46.5792092,24.7337253],[46.579227,24.7337729],[46.5791657,24.7337936],[46.579134,24.7337073],[46.5791439,24.7337028],[46.5791321,24.7336642],[46.5792537,24.7336229]]]}},{"type":"Feature","properties":{"id":"bld-120","height_m":4.5,"category":"residential"},"geometry":{"type":"Polygon","coordinates":[[[46.5794486,24.7335663],[46.5794842,24.7336597],[46.5794436,24.7336642],[46.5794416,24.7336723],[46.5793833,24.7336894],[46.5793813,24.7336992],[46.5793358,24.7337172],[46.5792814,24.7335807],[46.5793922,24.7335501],[46.5794031,24.7335789],[46.5794486,24.7335663]]]}},{"type":"Feature","properties":{"id":"bld-121","height_m":4.5,"category":"residential"},"geometry":{"type":"Polygon","coordinates":[[[46.5786435,24.7330659],[46.5787404,24.7333435],[46.5783893,24.733463],[46.5782805,24.7331773],[46.5786435,24.7330659]]]}},{"type":"Feature","properties":{"id":"bld-122","height_m":4.5,"category":"residential"},"geometry":{"type":"Polygon","coordinates":[[[46.5787592,24.733392],[46.578869,24.7336849],[46.5784793,24.7337774],[46.5783932,24.7335124],[46.5787592,24.733392]]]}},{"type":"Feature","properties":{"id":"bld-123","height_m":4.5,"category":"residential"},"geometry":{"type":"Polygon","coordinates":[[[46.5783675,24.733825],[46.5784081,24.7338924],[46.5782854,24.7339382],[46.5782716,24.7338888],[46.57823,24.7338996],[46.5782182,24.7338591],[46.5783151,24.7338196],[46.5783675,24.733825]]]}},{"type":"Feature","properties":{"id":"bld-124","height_m":4.5,"category":"residential"},"geometry":{"type":"Polygon","coordinates":[[[46.5791904,24.7334324],[46.5790608,24.7334693],[46.5791073,24.7335923],[46.5791528,24.7335798],[46.5791311,24.7335106],[46.5791548,24.7335043],[46.5791845,24.733569],[46.5792329,24.7335537],[46.5791904,24.7334324]]]}},{"type":"Feature","properties":{"id":"bld-125","height_m":4.5,"category":"residential"},"geometry":{"type":"Polygon","coordinates":[[[46.5793655,24.7333767],[46.5792043,24.7334181],[46.579227,24.7334693],[46.5792814,24.7334567],[46.5792953,24.7334594],[46.5793111,24.7335151],[46.5794229,24.7334881],[46.5793912,24.733392],[46.5793655,24.7333767]]]}},{"type":"Feature","properties":{"id":"bld-126","height_m":4.5,"category":"residential"},"geometry":{"type":"Polygon","coordinates":[[[46.579137,24.733286],[46.5791835,24.7334019],[46.579046,24.7334522],[46.5789936,24.7333148],[46.5790332,24.7333049],[46.5790519,24.733313],[46.579137,24.733286]]]}},{"type":"Feature","properties":{"id":"bld-127","height_m":4.5,"category":"residential"},"geometry":{"type":"Polygon","coordinates":[[[46.5793348,24.7332231],[46.5792913,24.733233],[46.5792854,24.7332591],[46.579232,24.733277],[46.5792765,24.7333669],[46.5793853,24.7333336],[46.5793348,24.7332231]]]}},{"type":"Feature","properties":{"id":"bld-128","height_m":4.5,"category":"residential"},"geometry":{"type":"Polygon","coordinates":[[[46.5792705,24.7329447],[46.579321,24.7330794],[46.5790915,24.7331423],[46.5790411,24.7330129],[46.5792705,24.7329447]]]}},{"type":"Feature","properties":{"id":"bld-129","height_m":4.5,"category":"residential"},"geometry":{"type":"Polygon","coordinates":[[[46.5790193,24.7330093],[46.5790697,24.7331477],[46.5789155,24.7331989],[46.5788561,24.7330596],[46.5790193,24.7330093]]]}},{"type":"Feature","properties":{"id":"bld-130","height_m":4.5,"category":"residential"},"geometry":{"type":"Polygon","coordinates":[[[46.5789224,24.732659],[46.5789788,24.7328009],[46.5788185,24.7328467],[46.5787621,24.7327075],[46.5789224,24.732659]]]}},{"type":"Feature","properties":{"id":"bld-131","height_m":4.5,"category":"residential"},"geometry":{"type":"Polygon","coordinates":[[[46.579051,24.7323697],[46.5791044,24.732535],[46.579049,24.7325512],[46.5790401,24.7325332],[46.5789748,24.7325512],[46.5789699,24.732535],[46.5789135,24.7325521],[46.5788868,24.7324856],[46.5789362,24.7324739],[46.5788996,24.7323958],[46.5790302,24.732359],[46.579051,24.7323697]]]}},{"type":"Feature","properties":{"id":"bld-132","height_m":4.5,"category":"residential"},"geometry":{"type":"Polygon","coordinates":[[[46.5788314,24.7324263],[46.5788828,24.7325799],[46.5787345,24.7326284],[46.5786682,24.732473],[46.5788314,24.7324263]]]}},{"type":"Feature","properties":{"id":"bld-133","height_m":4.5,"category":"residential"},"geometry":{"type":"Polygon","coordinates":[[[46.5789441,24.7321595],[46.5789807,24.7322485],[46.5789718,24.7322637],[46.5789886,24.7323024],[46.5788413,24.7323437],[46.5787859,24.7322044],[46.5789441,24.7321595]]]}},{"type":"Feature","properties":{"id":"bld-134","height_m":4.5,"category":"residential"},"geometry":{"type":"Polygon","coordinates":[[[46.5787612,24.7322053],[46.5788294,24.7323751],[46.5786593,24.7324254],[46.5785881,24.7322521],[46.5787612,24.7322053]]]}},{"type":"Feature","properties":{"id":"bld-135","height_m":4.5,"category":"residential"},"geometry":{"type":"Polygon","coordinates":[[[46.5788759,24.7320338],[46.5789135,24.7321344],[46.5787869,24.7321739],[46.5787295,24.7320472],[46.5788225,24.7320176],[46.5788759,24.7320338]]]}},{"type":"Feature","properties":{"id":"bld-136","height_m":4.5,"category":"residential"},"geometry":{"type":"Polygon","coordinates":[[[46.5786761,24.7319987],[46.5787513,24.7321757],[46.5785762,24.732226],[46.5785337,24.7321002],[46.5785811,24.7320841],[46.5785841,24.7320526],[46.5785742,24.7320293],[46.5786761,24.7319987]]]}},{"type":"Feature","properties":{"id":"bld-137","height_m":4.5,"category":"residential"},"geometry":{"type":"Polygon","coordinates":[[[46.5787463,24.7315415],[46.5788076,24.7316987],[46.5787829,24.7317328],[46.5787532,24.7317194],[46.5787493,24.7317373],[46.5787077,24.7317508],[46.5786998,24.7317391],[46.578689,24.7317508],[46.5786583,24.7317508],[46.5786128,24.7316583],[46.578594,24.731599],[46.5787463,24.7315415]]]}},{"type":"Feature","properties":{"id":"bld-138","height_m":4.5,"category":"residential"},"geometry":{"type":"Polygon","coordinates":[[[46.5785604,24.7316044],[46.5786187,24.7317265],[46.5785624,24.7317481],[46.5785129,24.7317706],[46.5784812,24.7318137],[46.5784318,24.7317948],[46.5784357,24.7317625],[46.5784021,24.7316556],[46.5785604,24.7316044]]]}},{"type":"Feature","properties":{"id":"bld-139","height_m":4.5,"category":"residential"},"geometry":{"type":"Polygon","coordinates":[[[46.5789857,24.7314921],[46.5790183,24.7315648],[46.5789966,24.7315756],[46.5790312,24.7316331],[46.5790302,24.7316646],[46.5788789,24.7317149],[46.5788571,24.7316735],[46.5788314,24.7316664],[46.5787928,24.7315415],[46.5789857,24.7314921]]]}},{"type":"Feature","properties":{"id":"bld-140","height_m":4.5,"category":"residential"},"geometry":{"type":"Polygon","coordinates":[[[46.5795059,24.7316852],[46.5792992,24.7317472],[46.5793249,24.7318281],[46.5793774,24.7318146],[46.5794159,24.7319215],[46.5796741,24.7318496],[46.5796355,24.7317544],[46.5795396,24.7317724],[46.5795059,24.7316852]]]}},{"type":"Feature","properties":{"id":"bld-141","height_m":4.5,"category":"residential"},"geometry":{"type":"Polygon","coordinates":[[[46.5796335,24.7320769],[46.5795049,24.7321137],[46.5795544,24.732226],[46.5797324,24.7321739],[46.5796948,24.7320562],[46.5796335,24.7320769]]]}},{"type":"Feature","properties":{"id":"bld-142","height_m":4.5,"category":"residential"},"geometry":{"type":"Polygon","coordinates":[[[46.5794426,24.7321272],[46.5794951,24.7322521],[46.5792804,24.7323203],[46.57923,24.7321748],[46.5794426,24.7321272]]]}},{"type":"Feature","properties":{"id":"bld-143","height_m":4.5,"category":"residential"},"geometry":{"type":"Polygon","coordinates":[[[46.5793863,24.7319421],[46.5794288,24.732085],[46.5792171,24.7321586],[46.5791785,24.7320841],[46.5792498,24.7320535],[46.579227,24.7319853],[46.5793863,24.7319421]]]}},{"type":"Feature","properties":{"id":"bld-144","height_m":4.5,"category":"residential"},"geometry":{"type":"Polygon","coordinates":[[[46.5795633,24.731899],[46.5794199,24.731952],[46.5794377,24.7320131],[46.5794624,24.7320086],[46.5794782,24.7320598],[46.5795762,24.7320374],[46.5796434,24.7320401],[46.5796583,24.732058],[46.579591,24.7318882],[46.5795633,24.731899]]]}},{"type":"Feature","properties":{"id":"bld-145","height_m":4,"category":"residential"},"geometry":{"type":"Polygon","coordinates":[[[46.5796731,24.7318649],[46.5797423,24.7320293],[46.57968,24.7320499],[46.5796207,24.7318775],[46.5796731,24.7318649]]]}},{"type":"Feature","properties":{"id":"bld-146","height_m":4,"category":"residential"},"geometry":{"type":"Polygon","coordinates":[[[46.5797918,24.7322044],[46.5796948,24.7322341],[46.5797136,24.732261],[46.5795663,24.7323042],[46.5796157,24.7324353],[46.57977,24.7323805],[46.5798571,24.7323724],[46.5797918,24.7322044]]]}},{"type":"Feature","properties":{"id":"bld-147","height_m":4.5,"category":"residential"},"geometry":{"type":"Polygon","coordinates":[[[46.5795208,24.7323069],[46.5795762,24.7324533],[46.5794041,24.7324946],[46.5793595,24.7323527],[46.5795208,24.7323069]]]}},{"type":"Feature","properties":{"id":"bld-148","height_m":4.5,"category":"residential"},"geometry":{"type":"Polygon","coordinates":[[[46.5795613,24.7324685],[46.5796009,24.7325853],[46.5794951,24.7326042],[46.5794733,24.7326302],[46.5794446,24.7326338],[46.5794268,24.7326132],[46.579408,24.7325629],[46.5793793,24.7325638],[46.5793526,24.7325144],[46.5795613,24.7324685]]]}},{"type":"Feature","properties":{"id":"bld-149","height_m":4.5,"category":"residential"},"geometry":{"type":"Polygon","coordinates":[[[46.5796731,24.7327812],[46.5797206,24.7329159],[46.5795445,24.732968],[46.579504,24.7328342],[46.5796731,24.7327812]]]}},{"type":"Feature","properties":{"id":"bld-150","height_m":4.5,"category":"residential"},"geometry":{"type":"Polygon","coordinates":[[[46.5799431,24.7327057],[46.5797008,24.7327767],[46.5797295,24.7328503],[46.5797423,24.7328827],[46.5797443,24.7329249],[46.5797898,24.7329321],[46.5799134,24.732906],[46.5800301,24.7328665],[46.5799738,24.7326994],[46.5799431,24.7327057]]]}},{"type":"Feature","properties":{"id":"bld-151","height_m":4.5,"category":"residential"},"geometry":{"type":"Polygon","coordinates":[[[46.5798036,24.7325952],[46.5798501,24.7327129],[46.5797146,24.7327461],[46.5796869,24.7327012],[46.5796672,24.7326338],[46.5797324,24.7326069],[46.5798036,24.7325952]]]}},{"type":"Feature","properties":{"id":"bld-152","height_m":4.5,"category":"residential"},"geometry":{"type":"Polygon","coordinates":[[[46.5798511,24.7323841],[46.5796058,24.7324542],[46.5796573,24.7326141],[46.5799144,24.7325521],[46.5798511,24.7323841]]]}},{"type":"Feature","properties":{"id":"bld-153","height_m":4.5,"category":"residential"},"geometry":{"type":"Polygon","coordinates":[[[46.5778482,24.7315963],[46.5778997,24.7317499],[46.5777048,24.7318038],[46.5776623,24.7317481],[46.5776475,24.7317041],[46.5776227,24.731705],[46.5776049,24.7316646],[46.5778482,24.7315963]]]}},{"type":"Feature","properties":{"id":"bld-154","height_m":4.5,"category":"residential"},"geometry":{"type":"Polygon","coordinates":[[[46.578051,24.7315478],[46.5779837,24.7315648],[46.5779907,24.7315927],[46.5778809,24.7316196],[46.5779274,24.7317481],[46.5781123,24.7317014],[46.578051,24.7315478]]]}},{"type":"Feature","properties":{"id":"bld-155","height_m":4.5,"category":"residential"},"geometry":{"type":"Polygon","coordinates":[[[46.5778829,24.7317849],[46.5777137,24.7318469],[46.5777513,24.7319592],[46.577868,24.7319233],[46.5778838,24.7319619],[46.5779432,24.731943],[46.5778829,24.7317849]]]}},{"type":"Feature","properties":{"id":"bld-156","height_m":4.5,"category":"residential"},"geometry":{"type":"Polygon","coordinates":[[[46.5780866,24.7317436],[46.5779214,24.731793],[46.5779758,24.7319179],[46.578139,24.7318676],[46.5780866,24.7317436]]]}},{"type":"Feature","properties":{"id":"bld-157","height_m":4.5,"category":"residential"},"geometry":{"type":"Polygon","coordinates":[[[46.5781727,24.7318936],[46.5779669,24.7319547],[46.5780263,24.7320913],[46.5782261,24.7320347],[46.5781727,24.7318936]]]}},{"type":"Feature","properties":{"id":"bld-158","height_m":4.5,"category":"residential"},"geometry":{"type":"Polygon","coordinates":[[[46.5779511,24.7319781],[46.5779887,24.7320796],[46.5778611,24.7321218],[46.5778037,24.732111],[46.5777909,24.7320724],[46.5777721,24.7320751],[46.5777414,24.7319781],[46.5778116,24.7319628],[46.5778275,24.7319996],[46.5779481,24.7319628],[46.5779511,24.7319781]]]}},{"type":"Feature","properties":{"id":"bld-159","height_m":4.5,"category":"residential"},"geometry":{"type":"Polygon","coordinates":[[[46.5782162,24.7320868],[46.5782627,24.7321694],[46.5781796,24.7322503],[46.5780915,24.7322853],[46.5780441,24.7321362],[46.5782162,24.7320868]]]}},{"type":"Feature","properties":{"id":"bld-160","height_m":4.5,"category":"residential"},"geometry":{"type":"Polygon","coordinates":[[[46.5782933,24.7322619],[46.5783309,24.7323329],[46.5782547,24.7324245],[46.5781469,24.7324668],[46.5781024,24.7323176],[46.5782933,24.7322619]]]}},{"type":"Feature","properties":{"id":"bld-161","height_m":4.5,"category":"residential"},"geometry":{"type":"Polygon","coordinates":[[[46.5780757,24.7323311],[46.5781321,24.7324668],[46.57796,24.7325153],[46.5779096,24.7323742],[46.5780757,24.7323311]]]}},{"type":"Feature","properties":{"id":"bld-162","height_m":4.5,"category":"residential"},"geometry":{"type":"Polygon","coordinates":[[[46.5783715,24.7324353],[46.5784021,24.7325674],[46.5782745,24.7325862],[46.5782864,24.7326123],[46.5782172,24.7326329],[46.5781558,24.7324802],[46.5783715,24.7324353]]]}},{"type":"Feature","properties":{"id":"bld-163","height_m":4.5,"category":"residential"},"geometry":{"type":"Polygon","coordinates":[[[46.5780985,24.7325117],[46.578138,24.7326105],[46.5781509,24.7326689],[46.5780807,24.732694],[46.5780678,24.7326761],[46.5780104,24.7326976],[46.5779501,24.732553],[46.5780985,24.7325117]]]}},{"type":"Feature","properties":{"id":"bld-164","height_m":4.5,"category":"residential"},"geometry":{"type":"Polygon","coordinates":[[[46.5765931,24.73242],[46.5766564,24.7325692],[46.5764833,24.7326213],[46.5764338,24.7324757],[46.5765931,24.73242]]]}},{"type":"Feature","properties":{"id":"bld-165","height_m":4.5,"category":"residential"},"geometry":{"type":"Polygon","coordinates":[[[46.5766505,24.7326132],[46.5765061,24.7326473],[46.5765387,24.732756],[46.5765783,24.7327488],[46.5765911,24.7327937],[46.5767118,24.7327659],[46.5766505,24.7326132]]]}},{"type":"Feature","properties":{"id":"bld-166","height_m":4.5,"category":"residential"},"geometry":{"type":"Polygon","coordinates":[[[46.5767009,24.7327928],[46.5767415,24.7329006],[46.5766149,24.7329411],[46.5765703,24.732827],[46.5767009,24.7327928]]]}},{"type":"Feature","properties":{"id":"bld-167","height_m":4.5,"category":"residential"},"geometry":{"type":"Polygon","coordinates":[[[46.5765347,24.7328342],[46.576598,24.7329797],[46.5764052,24.7330525],[46.5763607,24.7329509],[46.5764546,24.7329195],[46.5764319,24.7328692],[46.5765347,24.7328342]]]}},{"type":"Feature","properties":{"id":"bld-168","height_m":4.5,"category":"residential"},"geometry":{"type":"Polygon","coordinates":[[[46.5796236,24.7345095],[46.5797947,24.7348572],[46.5795584,24.7349461],[46.5793991,24.7345778],[46.5796236,24.7345095]]]}},{"type":"Feature","properties":{"id":"bld-169","height_m":4.5,"category":"residential"},"geometry":{"type":"Polygon","coordinates":[[[46.580226,24.7343604],[46.5802913,24.7345023],[46.5801192,24.7345544],[46.5800618,24.7344026],[46.5801014,24.7343559],[46.5801716,24.7343361],[46.580226,24.7343604]]]}},{"type":"Feature","properties":{"id":"bld-170","height_m":4.5,"category":"residential"},"geometry":{"type":"Polygon","coordinates":[[[46.5799955,24.734426],[46.5800509,24.7345643],[46.5799105,24.7346047],[46.5798541,24.7344655],[46.5799955,24.734426]]]}},{"type":"Feature","properties":{"id":"bld-171","height_m":4.5,"category":"residential"},"geometry":{"type":"Polygon","coordinates":[[[46.5798205,24.7344493],[46.5798749,24.7345993],[46.579768,24.7346281],[46.5797067,24.7344781],[46.5798205,24.7344493]]]}},{"type":"Feature","properties":{"id":"bld-172","height_m":4.5,"category":"residential"},"geometry":{"type":"Polygon","coordinates":[[[46.5799144,24.7347107],[46.5799906,24.7348769],[46.5799649,24.7348859],[46.5799451,24.7348679],[46.5798798,24.7348922],[46.5798116,24.7347377],[46.5799144,24.7347107]]]}},{"type":"Feature","properties":{"id":"bld-173","height_m":4.5,"category":"residential"},"geometry":{"type":"Polygon","coordinates":[[[46.5798887,24.7346119],[46.5799174,24.7346919],[46.5798056,24.7347206],[46.579772,24.7346425],[46.5798887,24.7346119]]]}},{"type":"Feature","properties":{"id":"bld-174","height_m":4.5,"category":"residential"},"geometry":{"type":"Polygon","coordinates":[[[46.5800499,24.734629],[46.5801202,24.73477],[46.5799906,24.7348185],[46.5799767,24.7347691],[46.5800084,24.7347539],[46.5799866,24.7347062],[46.57995,24.7347125],[46.5799293,24.7346649],[46.5800499,24.734629]]]}},{"type":"Feature","properties":{"id":"bld-175","height_m":4.5,"category":"residential"},"geometry":{"type":"Polygon","coordinates":[[[46.5802784,24.7345517],[46.5803279,24.7346829],[46.5801963,24.7347377],[46.5801419,24.7345931],[46.5802784,24.7345517]]]}},{"type":"Feature","properties":{"id":"bld-176","height_m":4.5,"category":"residential"},"geometry":{"type":"Polygon","coordinates":[[[46.580492,24.7344799],[46.5803407,24.7345302],[46.5803912,24.7346775],[46.5805553,24.7346236],[46.580492,24.7344799]]]}},{"type":"Feature","properties":{"id":"bld-177","height_m":4.5,"category":"residential"},"geometry":{"type":"Polygon","coordinates":[[[46.580588,24.7344421],[46.5805118,24.7344619],[46.580583,24.7346308],[46.5804594,24.7346793],[46.5804871,24.7347359],[46.5806473,24.7346856],[46.5806721,24.7346362],[46.580588,24.7344421]]]}},{"type":"Feature","properties":{"id":"bld-178","height_m":4.5,"category":"residential"},"geometry":{"type":"Polygon","coordinates":[[[46.5804911,24.7342247],[46.5805761,24.7344332],[46.5804851,24.7344556],[46.5804742,24.734443],[46.580313,24.7344745],[46.5802487,24.7343038],[46.580408,24.7342634],[46.5803981,24.7342445],[46.5804911,24.7342247]]]}},{"type":"Feature","properties":{"id":"bld-179","height_m":4.5,"category":"residential"},"geometry":{"type":"Polygon","coordinates":[[[46.5803743,24.733904],[46.5804723,24.7341322],[46.5803813,24.7341691],[46.5802982,24.7341592],[46.5802794,24.7340846],[46.5803279,24.7340684],[46.5802744,24.7339229],[46.5803743,24.733904]]]}},{"type":"Feature","properties":{"id":"bld-180","height_m":4.5,"category":"residential"},"geometry":{"type":"Polygon","coordinates":[[[46.5802013,24.7339858],[46.5802695,24.7341529],[46.5801014,24.7342014],[46.5800331,24.7340298],[46.5802013,24.7339858]]]}},{"type":"Feature","properties":{"id":"bld-181","height_m":4.5,"category":"residential"},"geometry":{"type":"Polygon","coordinates":[[[46.58004,24.7337783],[46.5801231,24.733993],[46.5798818,24.7340604],[46.5798501,24.7339921],[46.5799342,24.7339687],[46.5798768,24.7338313],[46.58004,24.7337783]]]}},{"type":"Feature","properties":{"id":"bld-182","height_m":4.5,"category":"residential"},"geometry":{"type":"Polygon","coordinates":[[[46.5799302,24.7335932],[46.5799945,24.7337424],[46.5798768,24.7337738],[46.5798304,24.7337585],[46.5797888,24.7337702],[46.5797403,24.7336346],[46.5799302,24.7335932]]]}},{"type":"Feature","properties":{"id":"bld-183","height_m":4.5,"category":"residential"},"geometry":{"type":"Polygon","coordinates":[[[46.5798887,24.7334028],[46.579951,24.733542],[46.5797769,24.7335968],[46.5797235,24.7334666],[46.5798887,24.7334028]]]}},{"type":"Feature","properties":{"id":"bld-184","height_m":4.5,"category":"residential"},"geometry":{"type":"Polygon","coordinates":[[[46.5802379,24.7334675],[46.5801469,24.7334953],[46.5801558,24.7335124],[46.5800054,24.73356],[46.5800569,24.7337127],[46.5801983,24.7336687],[46.580224,24.7337082],[46.5803219,24.733684],[46.5802379,24.7334675]]]}},{"type":"Feature","properties":{"id":"bld-185","height_m":4.5,"category":"residential"},"geometry":{"type":"Polygon","coordinates":[[[46.5798284,24.7330183],[46.5798758,24.7331549],[46.579678,24.7332231],[46.5796296,24.7330758],[46.5798284,24.7330183]]]}},{"type":"Feature","properties":{"id":"bld-186","height_m":4.5,"category":"residential"},"geometry":{"type":"Polygon","coordinates":[[[46.5800638,24.73295],[46.5801271,24.7331234],[46.5799055,24.7331818],[46.5798472,24.7330183],[46.5800638,24.73295]]]}},{"type":"Feature","properties":{"id":"bld-187","height_m":4.5,"category":"residential"},"geometry":{"type":"Polygon","coordinates":[[[46.577141,24.7337998],[46.5771885,24.733949],[46.5769937,24.7340092],[46.576961,24.7339274],[46.5770125,24.7339112],[46.5769877,24.7338358],[46.577141,24.7337998]]]}},{"type":"Feature","properties":{"id":"bld-188","height_m":4.5,"category":"residential"},"geometry":{"type":"Polygon","coordinates":[[[46.5769027,24.7338861],[46.5769531,24.7340038],[46.5769007,24.7340244],[46.5768779,24.7339723],[46.5767939,24.7339975],[46.5767573,24.7339256],[46.5767434,24.7339014],[46.5767741,24.7338906],[46.5767909,24.7339175],[46.5769027,24.7338861]]]}},{"type":"Feature","properties":{"id":"bld-189","height_m":4.5,"category":"residential"},"geometry":{"type":"Polygon","coordinates":[[[46.5801409,24.7332429],[46.5802181,24.7334513],[46.5799846,24.7335259],[46.5798996,24.7333192],[46.5801409,24.7332429]]]}},{"type":"Feature","properties":{"id":"bld-190","height_m":4.5,"category":"residential"},"geometry":{"type":"Polygon","coordinates":[[[46.5796009,24.7316484],[46.5795138,24.7316717],[46.5795475,24.7317616],[46.5796325,24.7317436],[46.5796009,24.7316484]]]}},{"type":"Feature","properties":{"id":"bld-191","height_m":4.5,"category":"residential"},"geometry":{"type":"Polygon","coordinates":[[[46.5755358,24.7336435],[46.5752559,24.7336867],[46.5752598,24.7338169],[46.5753983,24.7338043],[46.5754398,24.7339714],[46.5756327,24.733957],[46.5755358,24.7336435]]]}},{"type":"Feature","properties":{"id":"bld-192","height_m":4.5,"category":"residential"},"geometry":{"type":"Polygon","coordinates":[[[46.5728781,24.7321523],[46.5730423,24.7321425],[46.5730472,24.7322727],[46.5730047,24.7322727],[46.5729918,24.7322305],[46.572887,24.7322287],[46.5728781,24.7321523]]]}},{"type":"Feature","properties":{"id":"bld-193","height_m":4.5,"category":"residential"},"geometry":{"type":"Polygon","coordinates":[[[46.5728652,24.7320931],[46.5730383,24.7320823],[46.5730354,24.7318685],[46.5729839,24.7318649],[46.5729909,24.731935],[46.5728583,24.7319314],[46.5728652,24.7320931]]]}},{"type":"Feature","properties":{"id":"bld-194","height_m":4.5,"category":"residential"},"geometry":{"type":"Polygon","coordinates":[[[46.5728494,24.7318685],[46.5729622,24.7318649],[46.5729642,24.7317544],[46.5728326,24.7317616],[46.5728494,24.7318685]]]}},{"type":"Feature","properties":{"id":"bld-195","height_m":4.5,"category":"residential"},"geometry":{"type":"Polygon","coordinates":[[[46.5726338,24.7317535],[46.5727901,24.7317454],[46.5727841,24.7316008],[46.5726101,24.7316035],[46.5726338,24.7317535]]]}},{"type":"Feature","properties":{"id":"bld-196","height_m":4.5,"category":"residential"},"geometry":{"type":"Polygon","coordinates":[[[46.5727357,24.731776],[46.5728079,24.7317697],[46.5728118,24.7319053],[46.5727139,24.731917],[46.572707,24.7318343],[46.5727396,24.7318281],[46.5727357,24.731776]]]}},{"type":"Feature","properties":{"id":"bld-197","height_m":4.5,"category":"residential"},"geometry":{"type":"Polygon","coordinates":[[[46.5726694,24.7319862],[46.5728168,24.7319763],[46.5728277,24.7320598],[46.5727723,24.7320625],[46.5727574,24.7320149],[46.5727258,24.7320167],[46.5727317,24.7320661],[46.5726744,24.7320661],[46.5726694,24.7319862]]]}},{"type":"Feature","properties":{"id":"bld-198","height_m":4.5,"category":"residential"},"geometry":{"type":"Polygon","coordinates":[[[46.5733202,24.731652],[46.5731976,24.7316673],[46.5731926,24.7317553],[46.5732579,24.7317553],[46.5732599,24.7317203],[46.5733301,24.7317185],[46.5733202,24.731652]]]}},{"type":"Feature","properties":{"id":"bld-199","height_m":4.5,"category":"residential"},"geometry":{"type":"Polygon","coordinates":[[[46.5731986,24.7317697],[46.5732322,24.7318478],[46.5733459,24.7318415],[46.5733469,24.7317742],[46.5733252,24.7317355],[46.5732757,24.7317409],[46.5732727,24.7317706],[46.5731986,24.7317697]]]}},{"type":"Feature","properties":{"id":"bld-200","height_m":4.5,"category":"residential"},"geometry":{"type":"Polygon","coordinates":[[[46.572891,24.7326949],[46.5728999,24.7327973],[46.5726892,24.7328081],[46.5726773,24.7327012],[46.572891,24.7326949]]]}},{"type":"Feature","properties":{"id":"bld-201","height_m":4.5,"category":"residential"},"geometry":{"type":"Polygon","coordinates":[[[46.5726566,24.732818],[46.5724934,24.7328324],[46.5724854,24.7327883],[46.5725092,24.732783],[46.5725062,24.7327506],[46.5725309,24.7327506],[46.572522,24.732712],[46.5726091,24.7327093],[46.5726071,24.732747],[46.5726427,24.7327452],[46.5726447,24.7327839],[46.5726585,24.7327821],[46.5726566,24.732818]]]}},{"type":"Feature","properties":{"id":"bld-202","height_m":4.5,"category":"residential"},"geometry":{"type":"Polygon","coordinates":[[[46.5722866,24.7327416],[46.5724132,24.7327362],[46.5724211,24.7328396],[46.5722886,24.7328485],[46.5722866,24.7327416]]]}},{"type":"Feature","properties":{"id":"bld-203","height_m":4.5,"category":"residential"},"geometry":{"type":"Polygon","coordinates":[[[46.5726744,24.7328458],[46.5729107,24.732827],[46.5729266,24.7329626],[46.5728316,24.7329653],[46.5728267,24.7329141],[46.5728079,24.7329132],[46.572801,24.7328782],[46.5727832,24.7328782],[46.5727871,24.7329114],[46.5727693,24.7329141],[46.5727733,24.7329608],[46.5726773,24.7329734],[46.5726744,24.7328458]]]}},{"type":"Feature","properties":{"id":"bld-204","height_m":4.5,"category":"residential"},"geometry":{"type":"Polygon","coordinates":[[[46.5724874,24.7329923],[46.5726546,24.7329851],[46.5726447,24.7328404],[46.5724666,24.7328494],[46.5724874,24.7329923]]]}},{"type":"Feature","properties":{"id":"bld-205","height_m":4.5,"category":"residential"},"geometry":{"type":"Polygon","coordinates":[[[46.5723974,24.7329878],[46.5724558,24.7329869],[46.5724528,24.7328979],[46.5724122,24.7329033],[46.5724033,24.7328719],[46.5723133,24.73288],[46.5723124,24.7329141],[46.5722758,24.7329168],[46.5722827,24.7329995],[46.572342,24.732995],[46.572348,24.7329581],[46.5723905,24.732959],[46.5723974,24.7329878]]]}},{"type":"Feature","properties":{"id":"bld-206","height_m":4.5,"category":"residential"},"geometry":{"type":"Polygon","coordinates":[[[46.5721244,24.7328899],[46.5722372,24.7328827],[46.572252,24.7329824],[46.5721224,24.7330012],[46.5721244,24.7328899]]]}},{"type":"Feature","properties":{"id":"bld-207","height_m":4.5,"category":"residential"},"geometry":{"type":"Polygon","coordinates":[[[46.5721224,24.7328252],[46.5721254,24.7328638],[46.5722708,24.7328611],[46.5722619,24.7327776],[46.5721828,24.732783],[46.5721808,24.7328225],[46.5721224,24.7328252]]]}},{"type":"Feature","properties":{"id":"bld-208","height_m":4.5,"category":"residential"},"geometry":{"type":"Polygon","coordinates":[[[46.5730186,24.733224],[46.5727812,24.7332357],[46.5727871,24.7333705],[46.5730087,24.7333471],[46.5730186,24.733224]]]}},{"type":"Feature","properties":{"id":"bld-209","height_m":4.5,"category":"residential"},"geometry":{"type":"Polygon","coordinates":[[[46.5727604,24.7332582],[46.5726625,24.7332609],[46.5726714,24.7333983],[46.5727713,24.7333956],[46.5727604,24.7332582]]]}},{"type":"Feature","properties":{"id":"bld-210","height_m":4.5,"category":"residential"},"geometry":{"type":"Polygon","coordinates":[[[46.5726407,24.7332725],[46.5725438,24.7332689],[46.5725547,24.7334432],[46.5726625,24.7334172],[46.5726407,24.7332725]]]}},{"type":"Feature","properties":{"id":"bld-211","height_m":4.5,"category":"residential"},"geometry":{"type":"Polygon","coordinates":[[[46.5723717,24.7331486],[46.5721501,24.7332447],[46.5722322,24.7334172],[46.5724518,24.7333175],[46.5723717,24.7331486]]]}},{"type":"Feature","properties":{"id":"bld-212","height_m":4.5,"category":"residential"},"geometry":{"type":"Polygon","coordinates":[[[46.5724568,24.7333525],[46.5722589,24.7334297],[46.5722995,24.7335133],[46.5724973,24.7334306],[46.5724568,24.7333525]]]}},{"type":"Feature","properties":{"id":"bld-213","height_m":4.5,"category":"residential"},"geometry":{"type":"Polygon","coordinates":[[[46.5719424,24.7331198],[46.5718781,24.733127],[46.5718326,24.7332995],[46.5719711,24.7332716],[46.5719424,24.7331198]]]}},{"type":"Feature","properties":{"id":"bld-214","height_m":4.5,"category":"residential"},"geometry":{"type":"Polygon","coordinates":[[[46.5722134,24.7343577],[46.5723935,24.7344026],[46.5723964,24.7346847],[46.5722411,24.7347026],[46.5722134,24.7343577]]]}},{"type":"Feature","properties":{"id":"bld-215","height_m":4.5,"category":"residential"},"geometry":{"type":"Polygon","coordinates":[[[46.5724182,24.7344188],[46.5725764,24.7344637],[46.5725586,24.7346092],[46.5724142,24.7346254],[46.5724182,24.7344188]]]}},{"type":"Feature","properties":{"id":"bld-216","height_m":4.5,"category":"residential"},"geometry":{"type":"Polygon","coordinates":[[[46.5725764,24.7344637],[46.5726951,24.7344951],[46.5726823,24.7346577],[46.5725754,24.7346479],[46.5725764,24.7344637]]]}},{"type":"Feature","properties":{"id":"bld-217","height_m":4.5,"category":"residential"},"geometry":{"type":"Polygon","coordinates":[[[46.5727149,24.7345203],[46.5728455,24.7345454],[46.5728138,24.7347943],[46.572612,24.7347988],[46.5726506,24.7347251],[46.5726506,24.7346991],[46.5726971,24.7346973],[46.5727149,24.7345203]]]}},{"type":"Feature","properties":{"id":"bld-218","height_m":4.5,"category":"residential"},"geometry":{"type":"Polygon","coordinates":[[[46.5726338,24.734664],[46.5724508,24.7346631],[46.5724449,24.7347673],[46.572613,24.7347646],[46.5726338,24.734664]]]}},{"type":"Feature","properties":{"id":"bld-219","height_m":4.5,"category":"residential"},"geometry":{"type":"Polygon","coordinates":[[[46.5724261,24.7347233],[46.5724231,24.7348024],[46.5722352,24.7348069],[46.5722411,24.7347646],[46.5722856,24.7347691],[46.5722906,24.734726],[46.5723668,24.7347359],[46.5723697,24.7347161],[46.5724261,24.7347233]]]}},{"type":"Feature","properties":{"id":"bld-220","height_m":4.5,"category":"residential"},"geometry":{"type":"Polygon","coordinates":[[[46.5722303,24.7349847],[46.5723529,24.7349874],[46.5723668,24.7349398],[46.5724261,24.734947],[46.5724251,24.7349928],[46.5725062,24.7349946],[46.5725062,24.7350853],[46.5722174,24.7350871],[46.5722303,24.7349847]]]}},{"type":"Feature","properties":{"id":"bld-221","height_m":4.5,"category":"residential"},"geometry":{"type":"Polygon","coordinates":[[[46.5723499,24.7351186],[46.5723489,24.7352048],[46.5725319,24.735203],[46.572526,24.7351195],[46.5723499,24.7351186]]]}},{"type":"Feature","properties":{"id":"bld-222","height_m":4.5,"category":"residential"},"geometry":{"type":"Polygon","coordinates":[[[46.5723371,24.7351177],[46.5721897,24.7351168],[46.5721927,24.7351365],[46.5722243,24.7351329],[46.5722362,24.7351689],[46.5721867,24.7351689],[46.5721867,24.7352102],[46.5723391,24.7352075],[46.5723371,24.7351177]]]}},{"type":"Feature","properties":{"id":"bld-223","height_m":4.5,"category":"residential"},"geometry":{"type":"Polygon","coordinates":[[[46.5725596,24.7352497],[46.5723668,24.735256],[46.5723717,24.7353],[46.5722718,24.7353036],[46.5722728,24.7352596],[46.5721966,24.7352605],[46.5721778,24.7354842],[46.572436,24.7354509],[46.572434,24.7354231],[46.5724716,24.7354186],[46.5724924,24.7354015],[46.5725161,24.7353351],[46.5725537,24.7353243],[46.5725596,24.7352497]]]}},{"type":"Feature","properties":{"id":"bld-224","height_m":4.5,"category":"residential"},"geometry":{"type":"Polygon","coordinates":[[[46.5713529,24.7315711],[46.5714924,24.7315738],[46.5715033,24.7317158],[46.571352,24.731714],[46.5713529,24.7315711]]]}},{"type":"Feature","properties":{"id":"bld-225","height_m":4.5,"category":"residential"},"geometry":{"type":"Polygon","coordinates":[[[46.5715389,24.7318864],[46.5713628,24.7319089],[46.5713302,24.7317337],[46.5714222,24.7317319],[46.5714222,24.7317643],[46.571525,24.7317517],[46.5715389,24.7318864]]]}},{"type":"Feature","properties":{"id":"bld-226","height_m":4.5,"category":"residential"},"geometry":{"type":"Polygon","coordinates":[[[46.5717308,24.7318667],[46.5715646,24.7318784],[46.5715468,24.7317283],[46.571711,24.7317203],[46.5717308,24.7318667]]]}},{"type":"Feature","properties":{"id":"bld-227","height_m":4.5,"category":"residential"},"geometry":{"type":"Polygon","coordinates":[[[46.5714439,24.7322359],[46.5717723,24.7322053],[46.5718297,24.7325665],[46.5717743,24.732562],[46.5717654,24.7325386],[46.5715488,24.7325629],[46.5715537,24.7326024],[46.5714835,24.7326006],[46.5714568,24.7325683],[46.5714133,24.7322853],[46.5714439,24.7322359]]]}},{"type":"Feature","properties":{"id":"bld-228","height_m":4.5,"category":"residential"},"geometry":{"type":"Polygon","coordinates":[[[46.5714825,24.7326904],[46.5717327,24.7326689],[46.5717506,24.7327973],[46.5715043,24.7328315],[46.5714825,24.7326904]]]}},{"type":"Feature","properties":{"id":"bld-229","height_m":4.5,"category":"residential"},"geometry":{"type":"Polygon","coordinates":[[[46.5715161,24.7328494],[46.5718317,24.7328216],[46.5718623,24.7329339],[46.5715508,24.7329878],[46.5715161,24.7328494]]]}},{"type":"Feature","properties":{"id":"bld-230","height_m":4.5,"category":"residential"},"geometry":{"type":"Polygon","coordinates":[[[46.5715606,24.7330138],[46.5718425,24.7329608],[46.5717337,24.7331917],[46.5717149,24.7332986],[46.5716091,24.7333139],[46.5715606,24.7330138]]]}},{"type":"Feature","properties":{"id":"bld-231","height_m":4.5,"category":"residential"},"geometry":{"type":"Polygon","coordinates":[[[46.571616,24.7333462],[46.5717209,24.73333],[46.5717318,24.7334809],[46.5716398,24.7335007],[46.571616,24.7333462]]]}},{"type":"Feature","properties":{"id":"bld-232","height_m":4.5,"category":"residential"},"geometry":{"type":"Polygon","coordinates":[[[46.5718732,24.7336858],[46.571712,24.7337145],[46.5717862,24.7340693],[46.5719929,24.7340406],[46.5719998,24.7339283],[46.5719563,24.7338052],[46.5718732,24.7336858]]]}},{"type":"Feature","properties":{"id":"bld-233","height_m":4.5,"category":"residential"},"geometry":{"type":"Polygon","coordinates":[[[46.5717862,24.7340693],[46.5720295,24.7340774],[46.5720384,24.7341942],[46.571802,24.7341879],[46.5717862,24.7340693]]]}},{"type":"Feature","properties":{"id":"bld-234","height_m":4.5,"category":"residential"},"geometry":{"type":"Polygon","coordinates":[[[46.5718089,24.7342176],[46.5720384,24.734214],[46.5720334,24.7345463],[46.5718495,24.7345616],[46.5718237,24.7343451],[46.5718089,24.7342176]]]}},{"type":"Feature","properties":{"id":"bld-235","height_m":4.5,"category":"residential"},"geometry":{"type":"Polygon","coordinates":[[[46.5720334,24.734717],[46.5719325,24.7347341],[46.5719316,24.7347727],[46.5718752,24.7347871],[46.571892,24.734832],[46.5720443,24.7347979],[46.5720334,24.734717]]]}},{"type":"Feature","properties":{"id":"bld-236","height_m":4.5,"category":"residential"},"geometry":{"type":"Polygon","coordinates":[[[46.5720295,24.734929],[46.5719484,24.7349551],[46.5719701,24.7350485],[46.5720097,24.7350314],[46.5720305,24.7350027],[46.5720324,24.7349659],[46.5720295,24.734929]]]}},{"type":"Feature","properties":{"id":"bld-237","height_m":4.5,"category":"residential"},"geometry":{"type":"Polygon","coordinates":[[[46.5718732,24.7346649],[46.5720226,24.7346685],[46.5720305,24.734558],[46.5719217,24.7345697],[46.5719236,24.73462],[46.5718683,24.7346281],[46.5718732,24.7346649]]]}},{"type":"Feature","properties":{"id":"bld-238","height_m":4.5,"category":"residential"},"geometry":{"type":"Polygon","coordinates":[[[46.5723727,24.7348509],[46.5724755,24.7348545],[46.5724815,24.7349407],[46.5725171,24.7349497],[46.5725062,24.7349946],[46.5724528,24.7349829],[46.5724479,24.7349371],[46.5724093,24.7349344],[46.5724083,24.7348832],[46.5723717,24.7348841],[46.5723727,24.7348509]]]}},{"type":"Feature","properties":{"id":"bld-239","height_m":4.5,"category":"residential"},"geometry":{"type":"Polygon","coordinates":[[[46.5726615,24.735945],[46.5727416,24.7359244],[46.5726556,24.7357357],[46.572707,24.7357043],[46.5726328,24.7355992],[46.5725962,24.7356306],[46.5725478,24.7355623],[46.5721927,24.7357519],[46.5724231,24.736051],[46.5725478,24.7359765],[46.5724825,24.7358408],[46.572431,24.7358606],[46.5723796,24.7358166],[46.5725646,24.7357348],[46.5726615,24.735945]]]}},{"type":"Feature","properties":{"id":"bld-240","height_m":4.5,"category":"residential"},"geometry":{"type":"Polygon","coordinates":[[[46.5723826,24.7356126],[46.5721848,24.7356638],[46.5721719,24.7355444],[46.5723727,24.7355075],[46.5723826,24.7356126]]]}},{"type":"Feature","properties":{"id":"bld-241","height_m":4.5,"category":"residential"},"geometry":{"type":"Polygon","coordinates":[[[46.57234,24.7323311],[46.5729731,24.7324703],[46.5723578,24.7325476],[46.57234,24.7323311]]]}},{"type":"Feature","properties":{"id":"bld-242","height_m":4.5,"category":"residential"},"geometry":{"type":"Polygon","coordinates":[[[46.5738395,24.7313169],[46.5734943,24.7314382],[46.573522,24.7315738],[46.5734844,24.7315837],[46.5734963,24.731767],[46.5736189,24.7317131],[46.5738514,24.731572],[46.5738395,24.7313169]]]}},{"type":"Feature","properties":{"id":"bld-243","height_m":4.5,"category":"residential"},"geometry":{"type":"Polygon","coordinates":[[[46.5740047,24.7327901],[46.5740581,24.7326743],[46.5740937,24.7326859],[46.574069,24.7327479],[46.5743538,24.7328638],[46.5743301,24.7329267],[46.5740047,24.7327901]]]}},{"type":"Feature","properties":{"id":"bld-244","height_m":4.5,"category":"residential"},"geometry":{"type":"Polygon","coordinates":[[[46.57425,24.7327156],[46.5745239,24.7327425],[46.5745309,24.7329069],[46.5744735,24.7329051],[46.5744715,24.7328207],[46.5743597,24.7328108],[46.5742411,24.7328009],[46.57425,24.7327156]]]}},{"type":"Feature","properties":{"id":"bld-245","height_m":4.5,"category":"residential"},"geometry":{"type":"Polygon","coordinates":[[[46.5745269,24.733003],[46.5746456,24.7330498],[46.5746812,24.7329914],[46.5745645,24.7329393],[46.5745269,24.733003]]]}},{"type":"Feature","properties":{"id":"bld-246","height_m":4.5,"category":"residential"},"geometry":{"type":"Polygon","coordinates":[[[46.5733014,24.7336462],[46.5734102,24.7336498],[46.5733865,24.7338726],[46.573609,24.7338798],[46.5736011,24.7339481],[46.5733776,24.7339454],[46.5733736,24.7341196],[46.5732767,24.7341098],[46.5733014,24.7336462]]]}},{"type":"Feature","properties":{"id":"bld-247","height_m":4.5,"category":"residential"},"geometry":{"type":"Polygon","coordinates":[[[46.5743894,24.7344915],[46.5743014,24.73447],[46.5742925,24.7345481],[46.5743914,24.7345401],[46.5743894,24.7344915]]]}},{"type":"Feature","properties":{"id":"bld-248","height_m":4.5,"category":"residential"},"geometry":{"type":"Polygon","coordinates":[[[46.5744349,24.7344547],[46.5743746,24.734443],[46.5743904,24.7344017],[46.5743073,24.7343766],[46.5743232,24.7343227],[46.5744804,24.7343541],[46.5744715,24.7344098],[46.5744428,24.7344098],[46.5744349,24.7344547]]]}},{"type":"Feature","properties":{"id":"bld-249","height_m":4.5,"category":"residential"},"geometry":{"type":"Polygon","coordinates":[[[46.5747307,24.7348194],[46.5748642,24.7348284],[46.5749324,24.7345724],[46.574969,24.7345769],[46.5749908,24.7344601],[46.5749354,24.7344511],[46.5750007,24.7341475],[46.5748592,24.7341376],[46.5748207,24.7344358],[46.5748751,24.7344475],[46.5748592,24.7345616],[46.5747969,24.7345589],[46.5747307,24.7348194]]]}},{"type":"Feature","properties":{"id":"bld-250","height_m":4.5,"category":"residential"},"geometry":{"type":"Polygon","coordinates":[[[46.5734884,24.7353665],[46.5734923,24.735185],[46.573973,24.735203],[46.5739681,24.7353988],[46.5734884,24.7353665]]]}},{"type":"Feature","properties":{"id":"bld-251","height_m":4.5,"category":"residential"},"geometry":{"type":"Polygon","coordinates":[[[46.5742411,24.7359244],[46.5741372,24.7359351],[46.5741362,24.7360492],[46.574243,24.7360474],[46.5742411,24.7359244]]]}},{"type":"Feature","properties":{"id":"bld-252","height_m":4.5,"category":"residential"},"geometry":{"type":"Polygon","coordinates":[[[46.5741926,24.7361929],[46.5741026,24.7361929],[46.5741135,24.7362828],[46.5741896,24.7362792],[46.5741926,24.7361929]]]}},{"type":"Feature","properties":{"id":"bld-253","height_m":4.5,"category":"residential"},"geometry":{"type":"Polygon","coordinates":[[[46.5743419,24.7363654],[46.5742193,24.7363609],[46.5742322,24.7363079],[46.5743489,24.7363061],[46.5743419,24.7363654]]]}},{"type":"Feature","properties":{"id":"bld-254","height_m":4.5,"category":"residential"},"geometry":{"type":"Polygon","coordinates":[[[46.5743212,24.7362873],[46.574243,24.7362855],[46.5742549,24.7361965],[46.5743241,24.7361947],[46.5743212,24.7362873]]]}},{"type":"Feature","properties":{"id":"bld-255","height_m":4.5,"category":"residential"},"geometry":{"type":"Polygon","coordinates":[[[46.5740353,24.7353961],[46.5740334,24.7353422],[46.5741906,24.7353683],[46.5741876,24.735415],[46.5740353,24.7353961]]]}},{"type":"Feature","properties":{"id":"bld-256","height_m":4.5,"category":"residential"},"geometry":{"type":"Polygon","coordinates":[[[46.5732747,24.7341448],[46.5733726,24.7341529],[46.5733608,24.7344466],[46.5732589,24.7344457],[46.5732747,24.7341448]]]}},{"type":"Feature","properties":{"id":"bld-257","height_m":4.5,"category":"residential"},"geometry":{"type":"Polygon","coordinates":[[[46.5739503,24.7340909],[46.5739008,24.734072],[46.573885,24.7341053],[46.5739077,24.7341169],[46.5738959,24.7341484],[46.5739354,24.7341547],[46.5739503,24.7340909]]]}},{"type":"Feature","properties":{"id":"bld-258","height_m":4.5,"category":"residential"},"geometry":{"type":"Polygon","coordinates":[[[46.573797,24.7339642],[46.5737089,24.7339526],[46.5737208,24.7338502],[46.5737989,24.7338573],[46.573797,24.7339642]]]}},{"type":"Feature","properties":{"id":"bld-259","height_m":4.5,"category":"residential"},"geometry":{"type":"Polygon","coordinates":[[[46.5742322,24.7343927],[46.5741837,24.7343945],[46.5741817,24.7344736],[46.5742312,24.7344736],[46.5742322,24.7343927]]]}},{"type":"Feature","properties":{"id":"bld-260","height_m":4.5,"category":"residential"},"geometry":{"type":"Polygon","coordinates":[[[46.5710928,24.7320975],[46.5712481,24.7320895],[46.571261,24.7322395],[46.5711037,24.7322458],[46.5710928,24.7320975]]]}},{"type":"Feature","properties":{"id":"bld-261","height_m":4.5,"category":"residential"},"geometry":{"type":"Polygon","coordinates":[[[46.5712985,24.7323877],[46.5711868,24.732394],[46.5712135,24.7325467],[46.5713203,24.7325377],[46.5712985,24.7323877]]]}},{"type":"Feature","properties":{"id":"bld-262","height_m":4.5,"category":"residential"},"geometry":{"type":"Polygon","coordinates":[[[46.5710394,24.7324218],[46.5711334,24.7324093],[46.5711482,24.7325126],[46.5710552,24.7325198],[46.5710394,24.7324218]]]}},{"type":"Feature","properties":{"id":"bld-263","height_m":4.5,"category":"residential"},"geometry":{"type":"Polygon","coordinates":[[[46.5710542,24.7325368],[46.5711452,24.7325296],[46.5711492,24.7325844],[46.5710612,24.7325934],[46.5710542,24.7325368]]]}},{"type":"Feature","properties":{"id":"bld-264","height_m":4.5,"category":"residential"},"geometry":{"type":"Polygon","coordinates":[[[46.570983,24.7347431],[46.5710671,24.7346613],[46.570895,24.734567],[46.5708317,24.7346577],[46.570983,24.7347431]]]}},{"type":"Feature","properties":{"id":"bld-265","height_m":4.5,"category":"residential"},"geometry":{"type":"Polygon","coordinates":[[[46.5709692,24.7348715],[46.5711225,24.7349703],[46.5712164,24.7348643],[46.5710839,24.7347521],[46.5709692,24.7348715]]]}},{"type":"Feature","properties":{"id":"bld-266","height_m":4.5,"category":"residential"},"geometry":{"type":"Polygon","coordinates":[[[46.5709118,24.7348392],[46.5709692,24.7347754],[46.5707536,24.7346514],[46.5707021,24.7347134],[46.5709118,24.7348392]]]}},{"type":"Feature","properties":{"id":"bld-267","height_m":4.5,"category":"residential"},"geometry":{"type":"Polygon","coordinates":[[[46.5704469,24.7345472],[46.5705548,24.7344628],[46.5706388,24.7345302],[46.5705577,24.7345922],[46.5705073,24.7345508],[46.5704826,24.7345742],[46.5704469,24.7345472]]]}},{"type":"Feature","properties":{"id":"bld-268","height_m":4.5,"category":"residential"},"geometry":{"type":"Polygon","coordinates":[[[46.571168,24.735009],[46.5712184,24.7349614],[46.5712956,24.735026],[46.5712441,24.7350683],[46.571168,24.735009]]]}},{"type":"Feature","properties":{"id":"bld-269","height_m":4.5,"category":"residential"},"geometry":{"type":"Polygon","coordinates":[[[46.5713262,24.7351114],[46.571434,24.7351868],[46.5714647,24.7351814],[46.5714776,24.7351599],[46.5715102,24.7351078],[46.5714459,24.7350728],[46.5713895,24.7350404],[46.5713262,24.7351114]]]}},{"type":"Feature","properties":{"id":"bld-270","height_m":4.5,"category":"residential"},"geometry":{"type":"Polygon","coordinates":[[[46.5715201,24.7350754],[46.5715567,24.7350215],[46.5714637,24.7349766],[46.5714232,24.735026],[46.5715201,24.7350754]]]}},{"type":"Feature","properties":{"id":"bld-271","height_m":4.5,"category":"residential"},"geometry":{"type":"Polygon","coordinates":[[[46.5720789,24.7354905],[46.5720275,24.7353324],[46.5717545,24.7354132],[46.5719118,24.7355228],[46.5720789,24.7354905]]]}},{"type":"Feature","properties":{"id":"bld-272","height_m":4.5,"category":"residential"},"geometry":{"type":"Polygon","coordinates":[[[46.5715527,24.7352731],[46.5715735,24.735221],[46.5716309,24.7352353],[46.571709,24.7352578],[46.5717357,24.735265],[46.5717347,24.735344],[46.5717347,24.7353629],[46.5716912,24.7353602],[46.5715527,24.7352731]]]}},{"type":"Feature","properties":{"id":"bld-273","height_m":4.5,"category":"residential"},"geometry":{"type":"Polygon","coordinates":[[[46.5716447,24.7351868],[46.5716694,24.7351195],[46.5717891,24.7351563],[46.5717664,24.7352273],[46.5716447,24.7351868]]]}},{"type":"Feature","properties":{"id":"bld-274","height_m":4.5,"category":"residential"},"geometry":{"type":"Polygon","coordinates":[[[46.5717486,24.7352704],[46.5718435,24.7352668],[46.5718455,24.735291],[46.5718445,24.7353189],[46.5717506,24.7353207],[46.5717486,24.7352704]]]}},{"type":"Feature","properties":{"id":"bld-275","height_m":4.5,"category":"residential"},"geometry":{"type":"Polygon","coordinates":[[[46.5718564,24.7352857],[46.5718485,24.7352237],[46.5719771,24.7352048],[46.5719771,24.7352416],[46.5719088,24.7352551],[46.5719118,24.7352848],[46.5718564,24.7352857]]]}},{"type":"Feature","properties":{"id":"bld-276","height_m":4.5,"category":"residential"},"geometry":{"type":"Polygon","coordinates":[[[46.5717229,24.735106],[46.571799,24.7351078],[46.5717931,24.7350386],[46.5717248,24.7350377],[46.5717229,24.735106]]]}},{"type":"Feature","properties":{"id":"bld-277","height_m":4.5,"category":"residential"},"geometry":{"type":"Polygon","coordinates":[[[46.5719711,24.7351886],[46.5718247,24.7351895],[46.5718277,24.7350898],[46.5719246,24.735088],[46.5719711,24.7351886]]]}},{"type":"Feature","properties":{"id":"bld-278","height_m":4.5,"category":"residential"},"geometry":{"type":"Polygon","coordinates":[[[46.5717387,24.7349416],[46.5717179,24.7350144],[46.5718475,24.735018],[46.5718396,24.7349416],[46.5717387,24.7349416]]]}},{"type":"Feature","properties":{"id":"bld-279","height_m":4.5,"category":"residential"},"geometry":{"type":"Polygon","coordinates":[[[46.5715517,24.7349883],[46.5715874,24.7349281],[46.5715102,24.7348994],[46.5714716,24.7349542],[46.5715517,24.7349883]]]}},{"type":"Feature","properties":{"id":"bld-280","height_m":4.5,"category":"residential"},"geometry":{"type":"Polygon","coordinates":[[[46.5715972,24.7349111],[46.5716319,24.7348572],[46.5715132,24.7348437],[46.5714954,24.7348877],[46.5715972,24.7349111]]]}},{"type":"Feature","properties":{"id":"bld-281","height_m":4.5,"category":"residential"},"geometry":{"type":"Polygon","coordinates":[[[46.5713124,24.7349075],[46.5713925,24.73485],[46.5714251,24.7348823],[46.5713836,24.7349245],[46.5714133,24.7349641],[46.5713816,24.7349892],[46.5713124,24.7349075]]]}},{"type":"Feature","properties":{"id":"bld-282","height_m":4.5,"category":"residential"},"geometry":{"type":"Polygon","coordinates":[[[46.5711779,24.7347413],[46.5711284,24.7347071],[46.5712402,24.7346164],[46.5712778,24.7346505],[46.5711779,24.7347413]]]}},{"type":"Feature","properties":{"id":"bld-283","height_m":4.5,"category":"residential"},"geometry":{"type":"Polygon","coordinates":[[[46.5708703,24.734585],[46.5708228,24.7345535],[46.5707555,24.7346353],[46.5708149,24.7346658],[46.5708703,24.734585]]]}},{"type":"Feature","properties":{"id":"bld-284","height_m":4.5,"category":"residential"},"geometry":{"type":"Polygon","coordinates":[[[46.5708594,24.7345356],[46.5709079,24.7345598],[46.5710038,24.7344799],[46.5709603,24.7344583],[46.5708594,24.7345356]]]}},{"type":"Feature","properties":{"id":"bld-285","height_m":4.5,"category":"residential"},"geometry":{"type":"Polygon","coordinates":[[[46.571074,24.7346496],[46.5711096,24.7346218],[46.5710097,24.7345356],[46.5709632,24.7345787],[46.571074,24.7346496]]]}},{"type":"Feature","properties":{"id":"bld-286","height_m":4.5,"category":"residential"},"geometry":{"type":"Polygon","coordinates":[[[46.5711195,24.7346101],[46.5711522,24.7345868],[46.5710394,24.7344502],[46.5709989,24.7344682],[46.5711195,24.7346101]]]}},{"type":"Feature","properties":{"id":"bld-287","height_m":4.5,"category":"residential"},"geometry":{"type":"Polygon","coordinates":[[[46.5715517,24.7348113],[46.5716427,24.7348042],[46.5716427,24.7347691],[46.5715537,24.73477],[46.5715517,24.7348113]]]}},{"type":"Feature","properties":{"id":"bld-288","height_m":4.5,"category":"residential"},"geometry":{"type":"Polygon","coordinates":[[[46.5716259,24.7346577],[46.5716081,24.7345922],[46.5715092,24.7346173],[46.5715399,24.7346856],[46.5716259,24.7346577]]]}},{"type":"Feature","properties":{"id":"bld-289","height_m":4.5,"category":"residential"},"geometry":{"type":"Polygon","coordinates":[[[46.5712164,24.7347386],[46.5712778,24.7347979],[46.5713193,24.7347673],[46.5713045,24.7347467],[46.5713272,24.7347359],[46.5713648,24.7347925],[46.5712649,24.7348643],[46.571171,24.7347691],[46.5712164,24.7347386]]]}},{"type":"Feature","properties":{"id":"bld-290","height_m":4.5,"category":"residential"},"geometry":{"type":"Polygon","coordinates":[[[46.5714954,24.7346263],[46.5714548,24.7346389],[46.5715003,24.7347934],[46.5715379,24.7347781],[46.5714954,24.7346263]]]}},{"type":"Feature","properties":{"id":"bld-291","height_m":4.5,"category":"residential"},"geometry":{"type":"Polygon","coordinates":[[[46.571352,24.7346694],[46.5713688,24.7346982],[46.5712669,24.734753],[46.5712412,24.734717],[46.571352,24.7346694]]]}},{"type":"Feature","properties":{"id":"bld-292","height_m":4.5,"category":"residential"},"geometry":{"type":"Polygon","coordinates":[[[46.5710997,24.7343918],[46.5710493,24.7344376],[46.571168,24.7345778],[46.5712105,24.7345293],[46.5710997,24.7343918]]]}},{"type":"Feature","properties":{"id":"bld-293","height_m":4.5,"category":"residential"},"geometry":{"type":"Polygon","coordinates":[[[46.572342,24.7348652],[46.572346,24.7349614],[46.5722382,24.7349569],[46.5722342,24.7348616],[46.572342,24.7348652]]]}},{"type":"Feature","properties":{"id":"bld-294","height_m":4.5,"category":"residential"},"geometry":{"type":"Polygon","coordinates":[[[46.5707328,24.7316511],[46.5708722,24.7316753],[46.5708574,24.7317867],[46.5707308,24.7317697],[46.5707328,24.7316511]]]}},{"type":"Feature","properties":{"id":"bld-295","height_m":4.5,"category":"residential"},"geometry":{"type":"Polygon","coordinates":[[[46.5708663,24.7319987],[46.5709929,24.7320221],[46.5710038,24.7319197],[46.5708703,24.7318945],[46.5708663,24.7319987]]]}},{"type":"Feature","properties":{"id":"bld-296","height_m":4.5,"category":"residential"},"geometry":{"type":"Polygon","coordinates":[[[46.5708752,24.7317813],[46.5709979,24.7317876],[46.570988,24.7318864],[46.5708663,24.7318739],[46.5708752,24.7317813]]]}},{"type":"Feature","properties":{"id":"bld-297","height_m":4.5,"category":"residential"},"geometry":{"type":"Polygon","coordinates":[[[46.570897,24.7316556],[46.5710147,24.7316691],[46.5710058,24.7317598],[46.5708851,24.7317418],[46.570897,24.7316556]]]}},{"type":"Feature","properties":{"id":"bld-298","height_m":4.5,"category":"residential"},"geometry":{"type":"Polygon","coordinates":[[[46.5710473,24.731758],[46.5711334,24.7317697],[46.5711334,24.7317319],[46.5711917,24.7317355],[46.5711808,24.7318963],[46.5710364,24.7318739],[46.5710473,24.731758]]]}},{"type":"Feature","properties":{"id":"bld-299","height_m":4,"category":"residential"},"geometry":{"type":"Polygon","coordinates":[[[46.5800025,24.7318658],[46.5799471,24.7316789],[46.5801785,24.7316196],[46.5802438,24.7317903],[46.5800025,24.7318658]]]}},{"type":"Feature","properties":{"id":"bld-300","height_m":4.5,"category":"residential"},"geometry":{"type":"Polygon","coordinates":[[[46.5803753,24.7315909],[46.5804159,24.7316852],[46.5804198,24.7317077],[46.5804228,24.7317346],[46.5802744,24.7317795],[46.5802082,24.7316241],[46.5803753,24.7315909]]]}},{"type":"Feature","properties":{"id":"bld-301","height_m":4,"category":"residential"},"geometry":{"type":"Polygon","coordinates":[[[46.5803091,24.7320248],[46.5803902,24.7322548],[46.5801805,24.7323194],[46.5800855,24.7320787],[46.5803091,24.7320248]]]}},{"type":"Feature","properties":{"id":"bld-302","height_m":4.5,"category":"residential"},"geometry":{"type":"Polygon","coordinates":[[[46.5804812,24.7320311],[46.5805029,24.7320966],[46.580402,24.7321299],[46.5803734,24.7320499],[46.5804812,24.7320311]]]}},{"type":"Feature","properties":{"id":"bld-303","height_m":4.5,"category":"residential"},"geometry":{"type":"Polygon","coordinates":[[[46.5805099,24.73212],[46.5805356,24.7321883],[46.5804287,24.7322332],[46.5804001,24.7321505],[46.5805099,24.73212]]]}},{"type":"Feature","properties":{"id":"bld-304","height_m":4.5,"category":"residential"},"geometry":{"type":"Polygon","coordinates":[[[46.5805059,24.7325153],[46.5806641,24.732473],[46.5806196,24.7323383],[46.5805722,24.7323545],[46.5805682,24.7323293],[46.5805108,24.7323437],[46.5805019,24.7323239],[46.5804475,24.7323464],[46.5805059,24.7325153]]]}},{"type":"Feature","properties":{"id":"bld-305","height_m":4,"category":"residential"},"geometry":{"type":"Polygon","coordinates":[[[46.5831111,24.7317813],[46.5830221,24.7314822],[46.5828817,24.731519],[46.5828846,24.7315487],[46.5826878,24.73159],[46.582673,24.7315577],[46.5826037,24.7315738],[46.5826987,24.731899],[46.5831111,24.7317813]]]}},{"type":"Feature","properties":{"id":"bld-306","height_m":4.5,"category":"residential"},"geometry":{"type":"Polygon","coordinates":[[[46.579225,24.7433731],[46.579225,24.7434953],[46.5793675,24.7436597],[46.5795742,24.7434306],[46.57932,24.7432869],[46.579225,24.7433731]]]}},{"type":"Feature","properties":{"id":"bld-307","height_m":4.5,"category":"residential"},"geometry":{"type":"Polygon","coordinates":[[[46.5792488,24.7428431],[46.5791222,24.7428503],[46.5790104,24.7430794],[46.579138,24.7431728],[46.57932,24.7429869],[46.5792488,24.7428431]]]}},{"type":"Feature","properties":{"id":"bld-308","height_m":4.5,"category":"residential"},"geometry":{"type":"Polygon","coordinates":[[[46.5794238,24.7432016],[46.5792962,24.7432375],[46.5792488,24.7431369],[46.5793516,24.7430507],[46.5794238,24.7432016]]]}},{"type":"Feature","properties":{"id":"bld-309","height_m":4.5,"category":"residential"},"geometry":{"type":"Polygon","coordinates":[[[46.5776039,24.7428054],[46.5777434,24.7427012],[46.577869,24.7428225],[46.5777345,24.7429231],[46.5776039,24.7428054]]]}},{"type":"Feature","properties":{"id":"bld-310","height_m":4.5,"category":"residential"},"geometry":{"type":"Polygon","coordinates":[[[46.5778354,24.7429491],[46.5779462,24.7428404],[46.5779946,24.7429186],[46.5778838,24.7430012],[46.5778354,24.7429491]]]}},{"type":"Feature","properties":{"id":"bld-311","height_m":4.5,"category":"residential"},"geometry":{"type":"Polygon","coordinates":[[[46.5790262,24.7416655],[46.5787968,24.7418236],[46.5788601,24.7419736],[46.5787364,24.7420733],[46.5788215,24.7421694],[46.579231,24.74197],[46.5790262,24.7416655]]]}},{"type":"Feature","properties":{"id":"bld-312","height_m":4.5,"category":"residential"},"geometry":{"type":"Polygon","coordinates":[[[46.5709494,24.7354482],[46.5712976,24.7353072],[46.5713767,24.7355327],[46.5710622,24.735627],[46.5709494,24.7354482]]]}},{"type":"Feature","properties":{"id":"bld-313","height_m":4.5,"category":"residential"},"geometry":{"type":"Polygon","coordinates":[[[46.5713638,24.7357447],[46.571074,24.7361642],[46.5707882,24.7360097],[46.5707803,24.7357815],[46.5708683,24.7357294],[46.5710226,24.7359208],[46.5711512,24.7357025],[46.5713638,24.7357447]]]}},{"type":"Feature","properties":{"id":"bld-314","height_m":4.5,"category":"residential"},"geometry":{"type":"Polygon","coordinates":[[[46.5702976,24.7353656],[46.5704667,24.7353809],[46.5705716,24.7355048],[46.5706942,24.7356863],[46.570533,24.7357213],[46.570531,24.7358264],[46.5706022,24.7358435],[46.5705824,24.7359881],[46.570351,24.7359675],[46.5703639,24.7357097],[46.5703401,24.7355201],[46.5702976,24.7353656]]]}},{"type":"Feature","properties":{"id":"bld-315","height_m":4.5,"category":"residential"},"geometry":{"type":"Polygon","coordinates":[[[46.5710889,24.7353728],[46.571167,24.7352057],[46.5710364,24.7351437],[46.5709642,24.7353216],[46.5710889,24.7353728]]]}},{"type":"Feature","properties":{"id":"bld-316","height_m":4.5,"category":"residential"},"geometry":{"type":"Polygon","coordinates":[[[46.5703065,24.7357106],[46.5702936,24.7355848],[46.570257,24.7353584],[46.5701324,24.7353548],[46.5701562,24.7353252],[46.5700661,24.7352794],[46.5699376,24.7352443],[46.5699326,24.7354123],[46.5699247,24.7354761],[46.5700938,24.7354851],[46.5701809,24.7357249],[46.5703065,24.7357106]]]}},{"type":"Feature","properties":{"id":"bld-317","height_m":4.5,"category":"residential"},"geometry":{"type":"Polygon","coordinates":[[[46.5697585,24.7358642],[46.5697585,24.7362585],[46.5696112,24.7362783],[46.5695716,24.7361175],[46.5695548,24.7360753],[46.5694737,24.7360789],[46.5694282,24.7357869],[46.5697585,24.7358642]]]}},{"type":"Feature","properties":{"id":"bld-318","height_m":9,"category":"landmark_scale"},"geometry":{"type":"Polygon","coordinates":[[[46.5704855,24.7383282],[46.5705231,24.7382869],[46.5705676,24.7383354],[46.5705241,24.7383687],[46.5704855,24.7383282]]]}},{"type":"Feature","properties":{"id":"bld-319","height_m":4.5,"category":"residential"},"geometry":{"type":"Polygon","coordinates":[[[46.5728059,24.7395957],[46.5725982,24.7396452],[46.572431,24.7396568],[46.5724083,24.7397709],[46.5726427,24.739806],[46.5728039,24.7397188],[46.5728059,24.7395957]]]}},{"type":"Feature","properties":{"id":"bld-320","height_m":4.5,"category":"residential"},"geometry":{"type":"Polygon","coordinates":[[[46.5646816,24.7368119],[46.5647221,24.7367463],[46.5650119,24.7368523],[46.5649912,24.7369017],[46.5646816,24.7368119]]]}},{"type":"Feature","properties":{"id":"bld-321","height_m":4.5,"category":"residential"},"geometry":{"type":"Polygon","coordinates":[[[46.565102,24.7369089],[46.5652177,24.7367894],[46.5652978,24.7368846],[46.5652612,24.7369278],[46.565102,24.7369089]]]}},{"type":"Feature","properties":{"id":"bld-322","height_m":4.5,"category":"residential"},"geometry":{"type":"Polygon","coordinates":[[[46.5652978,24.7373464],[46.5653581,24.7372988],[46.5653967,24.7373437],[46.5654778,24.7372871],[46.5654422,24.7372503],[46.5655253,24.7371946],[46.5656934,24.7373913],[46.5656351,24.7374254],[46.5656717,24.7374694],[46.5655619,24.7375359],[46.5655164,24.7374901],[46.565457,24.7375323],[46.5652978,24.7373464]]]}},{"type":"Feature","properties":{"id":"bld-323","height_m":4.5,"category":"residential"},"geometry":{"type":"Polygon","coordinates":[[[46.5652839,24.7379114],[46.56528,24.7378387],[46.5652582,24.7378387],[46.5652562,24.7377892],[46.565283,24.7377883],[46.565275,24.7377255],[46.5654007,24.7377201],[46.5654007,24.7377443],[46.5654966,24.737747],[46.5655104,24.7379015],[46.5652839,24.7379114]]]}},{"type":"Feature","properties":{"id":"bld-324","height_m":4.5,"category":"residential"},"geometry":{"type":"Polygon","coordinates":[[[46.5655273,24.7380273],[46.5655569,24.7379905],[46.5656024,24.7380219],[46.5656252,24.7379977],[46.5656934,24.7380372],[46.5656697,24.7380704],[46.5657023,24.7381055],[46.5656736,24.738136],[46.5656311,24.7381108],[46.5656044,24.7381387],[46.5655431,24.7381099],[46.5655826,24.7380623],[46.5655273,24.7380273]]]}},{"type":"Feature","properties":{"id":"bld-325","height_m":4.5,"category":"residential"},"geometry":{"type":"Polygon","coordinates":[[[46.5658121,24.7381971],[46.5658359,24.7381576],[46.5658606,24.7381683],[46.5658982,24.7381135],[46.5661187,24.7382357],[46.5660673,24.7382671],[46.5661049,24.7382995],[46.5660643,24.7383669],[46.5659832,24.7383246],[46.5659318,24.7383067],[46.5659348,24.738286],[46.5658665,24.7382519],[46.5658754,24.738233],[46.5658121,24.7381971]]]}},{"type":"Feature","properties":{"id":"bld-326","height_m":4.5,"category":"residential"},"geometry":{"type":"Polygon","coordinates":[[[46.5661524,24.7383929],[46.566181,24.7382519],[46.5662414,24.738268],[46.5662354,24.7382986],[46.5663373,24.7383228],[46.5663798,24.7382429],[46.5664451,24.738251],[46.5664313,24.7383067],[46.5663996,24.7383112],[46.5663601,24.7383255],[46.566369,24.7383642],[46.5663215,24.7384522],[46.5661524,24.7383929]]]}},{"type":"Feature","properties":{"id":"bld-327","height_m":4.5,"category":"residential"},"geometry":{"type":"Polygon","coordinates":[[[46.5667418,24.7377506],[46.5667676,24.7377084],[46.5668902,24.7377749],[46.5668121,24.7378952],[46.5667784,24.7378845],[46.5668309,24.7377928],[46.5667418,24.7377506]]]}},{"type":"Feature","properties":{"id":"bld-328","height_m":4.5,"category":"residential"},"geometry":{"type":"Polygon","coordinates":[[[46.5670089,24.7378934],[46.5671711,24.7378934],[46.5671375,24.7378566],[46.5671899,24.7377928],[46.5672621,24.7378351],[46.5673462,24.7378288],[46.567361,24.7379231],[46.5672819,24.7379249],[46.5672651,24.7378988],[46.5671948,24.7379393],[46.5672077,24.7380129],[46.5670059,24.7380075],[46.5670089,24.7378934]]]}},{"type":"Feature","properties":{"id":"bld-329","height_m":4.5,"category":"residential"},"geometry":{"type":"Polygon","coordinates":[[[46.567362,24.7382662],[46.567362,24.7382222],[46.5674668,24.7382348],[46.5674817,24.7381162],[46.5673729,24.7381081],[46.5673788,24.7380605],[46.5676142,24.7380893],[46.5676835,24.7380983],[46.5676785,24.7382977],[46.567362,24.7382662]]]}},{"type":"Feature","properties":{"id":"bld-330","height_m":4.5,"category":"residential"},"geometry":{"type":"Polygon","coordinates":[[[46.568088,24.7367885],[46.5681928,24.7368307],[46.568175,24.7368712],[46.5683086,24.7369125],[46.5683659,24.7367921],[46.5681374,24.7367023],[46.568088,24.7367885]]]}},{"type":"Feature","properties":{"id":"bld-331","height_m":4.5,"category":"residential"},"geometry":{"type":"Polygon","coordinates":[[[46.5679367,24.7372],[46.5679802,24.7371577],[46.5679535,24.7371496],[46.5680267,24.7370814],[46.5682037,24.7372017],[46.5681384,24.7372718],[46.5680633,24.7372161],[46.5680148,24.7372601],[46.5679367,24.7372]]]}},{"type":"Feature","properties":{"id":"bld-332","height_m":4.5,"category":"residential"},"geometry":{"type":"Polygon","coordinates":[[[46.5684876,24.737403],[46.568541,24.7373329],[46.5685993,24.7373608],[46.5685796,24.7373832],[46.5687091,24.7374676],[46.5686696,24.7375233],[46.5685815,24.7374676],[46.5685667,24.7374973],[46.5684767,24.7374479],[46.5685074,24.7374173],[46.5684876,24.737403]]]}},{"type":"Feature","properties":{"id":"bld-333","height_m":4.5,"category":"residential"},"geometry":{"type":"Polygon","coordinates":[[[46.5691967,24.7372009],[46.5692917,24.7371011],[46.5694183,24.7371991],[46.5693243,24.7372997],[46.5691967,24.7372009]]]}},{"type":"Feature","properties":{"id":"bld-334","height_m":4.5,"category":"residential"},"geometry":{"type":"Polygon","coordinates":[[[46.5690672,24.7378934],[46.5691602,24.7378611],[46.5692106,24.7379797],[46.5692413,24.7379698],[46.569265,24.7380417],[46.56926,24.7380929],[46.5691928,24.7381144],[46.5691928,24.7381306],[46.5690603,24.7381962],[46.5689673,24.7380075],[46.5690909,24.7379491],[46.5690672,24.7378934]]]}},{"type":"Feature","properties":{"id":"bld-335","height_m":4.5,"category":"residential"},"geometry":{"type":"Polygon","coordinates":[[[46.5706962,24.7381234],[46.5707664,24.7380525],[46.5708455,24.737942],[46.5709425,24.7380075],[46.5708752,24.7380767],[46.5708722,24.7380974],[46.5708109,24.7381378],[46.5707565,24.7381719],[46.5706962,24.7381234]]]}},{"type":"Feature","properties":{"id":"bld-336","height_m":4.5,"category":"residential"},"geometry":{"type":"Polygon","coordinates":[[[46.5708614,24.7379222],[46.5706804,24.7377524],[46.5707259,24.73765],[46.570988,24.7377327],[46.5709603,24.7377758],[46.5708614,24.7379222]]]}},{"type":"Feature","properties":{"id":"bld-337","height_m":4.5,"category":"residential"},"geometry":{"type":"Polygon","coordinates":[[[46.5684292,24.7393559],[46.5685093,24.7392418],[46.5685499,24.7392589],[46.5685746,24.7391897],[46.5687428,24.7392391],[46.5686686,24.7394628],[46.5684292,24.7393559]]]}},{"type":"Feature","properties":{"id":"bld-338","height_m":4.5,"category":"residential"},"geometry":{"type":"Polygon","coordinates":[[[46.5687091,24.7394682],[46.5687368,24.7394143],[46.5688456,24.7394583],[46.5688219,24.7395203],[46.5687091,24.7394682]]]}},{"type":"Feature","properties":{"id":"bld-339","height_m":4.5,"category":"residential"},"geometry":{"type":"Polygon","coordinates":[[[46.5688585,24.7395472],[46.5688872,24.7394889],[46.5689495,24.7395149],[46.5689247,24.7395661],[46.5688585,24.7395472]]]}},{"type":"Feature","properties":{"id":"bld-340","height_m":4.5,"category":"residential"},"geometry":{"type":"Polygon","coordinates":[[[46.5714123,24.7395221],[46.5715468,24.7395338],[46.571525,24.7396847],[46.5716319,24.7396892],[46.5716576,24.7394691],[46.5714212,24.7394466],[46.5714123,24.7395221]]]}},{"type":"Feature","properties":{"id":"bld-341","height_m":4.5,"category":"residential"},"geometry":{"type":"Polygon","coordinates":[[[46.5713717,24.7398688],[46.5713836,24.7396901],[46.5715033,24.7396991],[46.5714973,24.7397844],[46.5716081,24.7397997],[46.5716012,24.7398608],[46.5714786,24.7398446],[46.5714766,24.7398778],[46.5713717,24.7398688]]]}},{"type":"Feature","properties":{"id":"bld-342","height_m":4.5,"category":"residential"},"geometry":{"type":"Polygon","coordinates":[[[46.5715122,24.7391691],[46.5715389,24.7390891],[46.5715033,24.7390747],[46.5715597,24.7389049],[46.5717753,24.7389741],[46.5717337,24.7391053],[46.5716141,24.7390864],[46.5715725,24.7391843],[46.5715122,24.7391691]]]}},{"type":"Feature","properties":{"id":"bld-343","height_m":4.5,"category":"residential"},"geometry":{"type":"Polygon","coordinates":[[[46.5709543,24.7379006],[46.5710176,24.7378045],[46.5709603,24.7377758],[46.5708614,24.7379222],[46.5709731,24.7379905],[46.5710167,24.7379366],[46.5709543,24.7379006]]]}},{"type":"Feature","properties":{"id":"bld-344","height_m":4.5,"category":"residential"},"geometry":{"type":"Polygon","coordinates":[[[46.5782211,24.7461417],[46.5781558,24.7463421],[46.5784041,24.7463951],[46.5784694,24.7462064],[46.5782211,24.7461417]]]}},{"type":"Feature","properties":{"id":"bld-345","height_m":4.5,"category":"residential"},"geometry":{"type":"Polygon","coordinates":[[[46.5754754,24.7439651],[46.5754082,24.7440873],[46.5755199,24.7441664],[46.5754398,24.7442553],[46.5757098,24.7443882],[46.5758453,24.7441017],[46.5758533,24.7439687],[46.5754754,24.7439651]]]}},{"type":"Feature","properties":{"id":"bld-346","height_m":4.5,"category":"residential"},"geometry":{"type":"Polygon","coordinates":[[[46.5748563,24.7444062],[46.5749225,24.7445032],[46.575154,24.7444448],[46.5752222,24.7442122],[46.5750669,24.744134],[46.5749364,24.744302],[46.5749156,24.7443846],[46.5748563,24.7444062]]]}},{"type":"Feature","properties":{"id":"bld-347","height_m":4.5,"category":"residential"},"geometry":{"type":"Polygon","coordinates":[[[46.574792,24.7443909],[46.5749987,24.7441277],[46.574701,24.7440711],[46.574607,24.7442535],[46.574792,24.7443909]]]}},{"type":"Feature","properties":{"id":"bld-348","height_m":4.5,"category":"residential"},"geometry":{"type":"Polygon","coordinates":[[[46.5746041,24.7440424],[46.5744834,24.7440101],[46.5744606,24.7441682],[46.5745417,24.7441969],[46.5746041,24.7440424]]]}},{"type":"Feature","properties":{"id":"bld-349","height_m":9,"category":"landmark_scale"},"geometry":{"type":"Polygon","coordinates":[[[46.5744102,24.7440316],[46.5743568,24.744028],[46.5742826,24.7440244],[46.574243,24.7440532],[46.5740403,24.7441241],[46.5744013,24.7443712],[46.5744102,24.7440316]]]}},{"type":"Feature","properties":{"id":"bld-350","height_m":9,"category":"landmark_scale"},"geometry":{"type":"Polygon","coordinates":[[[46.5746238,24.7434118],[46.574787,24.743507],[46.5747435,24.7435582],[46.574699,24.7436193],[46.5747613,24.7436435],[46.5748058,24.7436606],[46.5746317,24.7439957],[46.5744814,24.7439454],[46.5746238,24.7434118]]]}},{"type":"Feature","properties":{"id":"bld-351","height_m":4.5,"category":"residential"},"geometry":{"type":"Polygon","coordinates":[[[46.5741154,24.7434082],[46.5742589,24.7439094],[46.5744102,24.7439382],[46.5744992,24.7434172],[46.5743123,24.7432654],[46.5742272,24.7434441],[46.5741154,24.7434082]]]}},{"type":"Feature","properties":{"id":"bld-352","height_m":4.5,"category":"residential"},"geometry":{"type":"Polygon","coordinates":[[[46.5742519,24.7432168],[46.5744339,24.7430237],[46.574518,24.7430713],[46.5747218,24.7429563],[46.5747653,24.7430183],[46.5744992,24.7434172],[46.5743123,24.7432654],[46.5742826,24.743242],[46.5742519,24.7432168]]]}},{"type":"Feature","properties":{"id":"bld-353","height_m":4.5,"category":"residential"},"geometry":{"type":"Polygon","coordinates":[[[46.5738029,24.7431827],[46.5735982,24.7434621],[46.5738454,24.7436381],[46.5740472,24.7433642],[46.5738029,24.7431827]]]}},{"type":"Feature","properties":{"id":"bld-354","height_m":4.5,"category":"residential"},"geometry":{"type":"Polygon","coordinates":[[[46.5738939,24.7423608],[46.5737851,24.7424308],[46.5737633,24.7423994],[46.5735705,24.7425162],[46.5730383,24.7431072],[46.5731461,24.7432213],[46.5735457,24.7429132],[46.5738256,24.7426132],[46.5740215,24.7424641],[46.5738939,24.7423608]]]}},{"type":"Feature","properties":{"id":"bld-355","height_m":4.5,"category":"residential"},"geometry":{"type":"Polygon","coordinates":[[[46.5708633,24.747367],[46.5705122,24.7476985],[46.570713,24.7478728],[46.5710137,24.7475476],[46.5708633,24.747367]]]}},{"type":"Feature","properties":{"id":"bld-356","height_m":4.5,"category":"residential"},"geometry":{"type":"Polygon","coordinates":[[[46.5751154,24.7474542],[46.5748127,24.7476231],[46.5750303,24.7479402],[46.5751411,24.74788],[46.5750551,24.7477587],[46.5753093,24.7477362],[46.5753231,24.7475629],[46.5751154,24.7474542]]]}},{"type":"Feature","properties":{"id":"bld-357","height_m":4.5,"category":"residential"},"geometry":{"type":"Polygon","coordinates":[[[46.5755071,24.7475853],[46.5753399,24.7477443],[46.5756001,24.747986],[46.575425,24.7482043],[46.5753508,24.7481252],[46.5752153,24.7481674],[46.5752737,24.7483327],[46.5750254,24.7483758],[46.5750303,24.7485366],[46.5748978,24.7485807],[46.5747069,24.7485043],[46.5746337,24.7486049],[46.57488,24.7487181],[46.5752064,24.7486274],[46.5754913,24.7484387],[46.5756752,24.7480462],[46.5757919,24.7477973],[46.5755071,24.7475853]]]}},{"type":"Feature","properties":{"id":"bld-358","height_m":4,"category":"residential"},"geometry":{"type":"Polygon","coordinates":[[[46.575517,24.7399102],[46.5756802,24.7398697],[46.5757989,24.739991],[46.5758137,24.7399937],[46.5758236,24.7399991],[46.5758305,24.740009],[46.5758335,24.7400242],[46.5758167,24.7400449],[46.5757959,24.7400503],[46.5757801,24.7400467],[46.5757662,24.7400323],[46.5757642,24.740018],[46.5755486,24.7400171],[46.575517,24.7399102]]]}},{"type":"Feature","properties":{"id":"bld-359","height_m":4,"category":"residential"},"geometry":{"type":"Polygon","coordinates":[[[46.5765347,24.7406495],[46.5767464,24.7405273],[46.5765644,24.7403207],[46.5763587,24.7404932],[46.576421,24.7405569],[46.5763913,24.7405695],[46.5763349,24.7405039],[46.576153,24.7406602],[46.5761975,24.7407285],[46.5761559,24.7407582],[46.5760946,24.7407052],[46.5759156,24.7408426],[46.5759472,24.7408642],[46.57588,24.7409172],[46.5758622,24.7408848],[46.5756564,24.7410546],[46.575698,24.7410995],[46.5758008,24.7410573],[46.575789,24.7410286],[46.5759947,24.7408902],[46.576059,24.7409118],[46.5762034,24.7408004],[46.5761915,24.7407788],[46.5762182,24.7407582],[46.5762528,24.7407716],[46.5764823,24.7406656],[46.5764299,24.7405965],[46.5764526,24.7405722],[46.5765347,24.7406495]]]}},{"type":"Feature","properties":{"id":"bld-360","height_m":4.5,"category":"residential"},"geometry":{"type":"Polygon","coordinates":[[[46.5791696,24.7401805],[46.5790628,24.7402524],[46.5790994,24.7403],[46.5790163,24.7403638],[46.5791063,24.7404536],[46.5791558,24.7404231],[46.5793289,24.7403827],[46.5791696,24.7401805]]]}},{"type":"Feature","properties":{"id":"bld-361","height_m":4.5,"category":"residential"},"geometry":{"type":"Polygon","coordinates":[[[46.578504,24.7404087],[46.5786069,24.7403548],[46.5787305,24.7405614],[46.5786504,24.7406099],[46.578504,24.7404087]]]}},{"type":"Feature","properties":{"id":"bld-362","height_m":4.5,"category":"residential"},"geometry":{"type":"Polygon","coordinates":[[[46.5782805,24.7397332],[46.5784011,24.7398086],[46.5785139,24.7397242],[46.5785633,24.7397359],[46.5785802,24.739682],[46.5783675,24.739523],[46.5782913,24.7396254],[46.5783279,24.739655],[46.5782805,24.7397332]]]}},{"type":"Feature","properties":{"id":"bld-363","height_m":4.5,"category":"residential"},"geometry":{"type":"Polygon","coordinates":[[[46.5780668,24.7407851],[46.5779877,24.7408381],[46.5780846,24.7409513],[46.5779353,24.7410834],[46.5780025,24.7411741],[46.5782399,24.7409863],[46.5780668,24.7407851]]]}},{"type":"Feature","properties":{"id":"bld-364","height_m":4.5,"category":"residential"},"geometry":{"type":"Polygon","coordinates":[[[46.5783893,24.7414436],[46.5784981,24.7413358],[46.5785811,24.7414292],[46.5784931,24.7415226],[46.5783893,24.7414436]]]}},{"type":"Feature","properties":{"id":"bld-365","height_m":4.5,"category":"residential"},"geometry":{"type":"Polygon","coordinates":[[[46.5726407,24.7393343],[46.5727564,24.7391951],[46.5728049,24.7392238],[46.5728554,24.7391592],[46.5729285,24.7392283],[46.5729285,24.7392822],[46.572981,24.7393092],[46.5730947,24.7395445],[46.5726407,24.7393343]]]}},{"type":"Feature","properties":{"id":"bld-366","height_m":4.5,"category":"residential"},"geometry":{"type":"Polygon","coordinates":[[[46.5725913,24.7395544],[46.5725725,24.7394637],[46.572702,24.7394412],[46.5727001,24.7394628],[46.5727317,24.7394601],[46.5727644,24.7395472],[46.572709,24.7395302],[46.5725913,24.7395544]]]}},{"type":"Feature","properties":{"id":"bld-367","height_m":4.5,"category":"residential"},"geometry":{"type":"Polygon","coordinates":[[[46.5665628,24.7366169],[46.5666706,24.7364597],[46.566641,24.7364418],[46.5667142,24.7363349],[46.5669535,24.7364615],[46.5667794,24.7366861],[46.5667488,24.7366699],[46.566728,24.7367041],[46.5665628,24.7366169]]]}},{"type":"Feature","properties":{"id":"bld-368","height_m":4,"category":"residential"},"geometry":{"type":"Polygon","coordinates":[[[46.5656459,24.7368523],[46.565912,24.7366044],[46.5661593,24.7368011],[46.5658813,24.7370607],[46.5656459,24.7368523]]]}},{"type":"Feature","properties":{"id":"bld-369","height_m":4.5,"category":"residential"},"geometry":{"type":"Polygon","coordinates":[[[46.5725161,24.7401805],[46.5725715,24.7401841],[46.5725715,24.740336],[46.5725112,24.7403387],[46.5725161,24.7401805]]]}},{"type":"Feature","properties":{"id":"bld-370","height_m":4.5,"category":"residential"},"geometry":{"type":"Polygon","coordinates":[[[46.5676142,24.7380893],[46.5677151,24.7379851],[46.5677715,24.738012],[46.567812,24.7379779],[46.567909,24.7380525],[46.5678546,24.7380938],[46.567905,24.738136],[46.5678101,24.7382034],[46.5677576,24.7381647],[46.5676835,24.7380983],[46.5676142,24.7380893]]]}},{"type":"Feature","properties":{"id":"bld-371","height_m":4.5,"category":"residential"},"geometry":{"type":"Polygon","coordinates":[[[46.5671711,24.7384567],[46.5672492,24.738463],[46.5672473,24.7383219],[46.5671751,24.7383157],[46.5671711,24.7384567]]]}},{"type":"Feature","properties":{"id":"bld-372","height_m":4.5,"category":"residential"},"geometry":{"type":"Polygon","coordinates":[[[46.5671691,24.7383013],[46.5671968,24.7382546],[46.5671137,24.7382159],[46.5670851,24.7382627],[46.5671691,24.7383013]]]}},{"type":"Feature","properties":{"id":"bld-373","height_m":4.5,"category":"residential"},"geometry":{"type":"Polygon","coordinates":[[[46.5648033,24.7376832],[46.5646776,24.7376051],[46.5648992,24.7373221],[46.5649407,24.7372727],[46.5649566,24.7372835],[46.5652582,24.7369754],[46.5653492,24.7370266],[46.5648033,24.7376832]]]}},{"type":"Feature","properties":{"id":"bld-374","height_m":4,"category":"residential"},"geometry":{"type":"Polygon","coordinates":[[[46.5782221,24.7441861],[46.5780876,24.7442679],[46.5781608,24.7443685],[46.5783111,24.7442948],[46.5782221,24.7441861]]]}},{"type":"Feature","properties":{"id":"bld-375","height_m":4.5,"category":"residential"},"geometry":{"type":"Polygon","coordinates":[[[46.5782874,24.7433489],[46.5782399,24.7434073],[46.5784605,24.7436139],[46.5785248,24.7435501],[46.5782874,24.7433489]]]}},{"type":"Feature","properties":{"id":"bld-376","height_m":4.5,"category":"residential"},"geometry":{"type":"Polygon","coordinates":[[[46.5767266,24.7480417],[46.5767899,24.7479815],[46.5767701,24.7479644],[46.5768285,24.7479168],[46.5768166,24.7479015],[46.5768859,24.7478458],[46.5767622,24.7477425],[46.5765644,24.747915],[46.576602,24.7479626],[46.5766277,24.7479411],[46.5767266,24.7480417]]]}},{"type":"Feature","properties":{"id":"bld-377","height_m":4.5,"category":"residential"},"geometry":{"type":"Polygon","coordinates":[[[46.576605,24.7475728],[46.5766772,24.747677],[46.5767889,24.7476087],[46.5769096,24.747544],[46.576874,24.7474802],[46.5770194,24.7473293],[46.5769432,24.7472682],[46.5769828,24.7472251],[46.5768463,24.7471227],[46.5766139,24.7473715],[46.5766712,24.7474218],[46.5766346,24.7474659],[46.5766732,24.747535],[46.576605,24.7475728]]]}},{"type":"Feature","properties":{"id":"bld-378","height_m":4.5,"category":"residential"},"geometry":{"type":"Polygon","coordinates":[[[46.5760887,24.7481854],[46.5761173,24.7482052],[46.5762093,24.7481351],[46.5762489,24.7481728],[46.5761005,24.748313],[46.5761243,24.7483363],[46.5762776,24.7481827],[46.5763181,24.7482267],[46.5764991,24.7480677],[46.5762924,24.747906],[46.576235,24.7479456],[46.5761836,24.7478952],[46.576235,24.7478476],[46.5761361,24.7477605],[46.5759294,24.7479509],[46.5761322,24.7481315],[46.5760887,24.7481854]]]}},{"type":"Feature","properties":{"id":"bld-379","height_m":4.5,"category":"residential"},"geometry":{"type":"Polygon","coordinates":[[[46.5744943,24.7491385],[46.5745754,24.7491547],[46.5745714,24.7492023],[46.5747386,24.7492256],[46.5747109,24.7493694],[46.5746436,24.7493559],[46.574612,24.749514],[46.574429,24.7494969],[46.5744943,24.7491385]]]}},{"type":"Feature","properties":{"id":"bld-380","height_m":4.5,"category":"residential"},"geometry":{"type":"Polygon","coordinates":[[[46.5735695,24.7491268],[46.5736852,24.7491187],[46.573707,24.7492643],[46.5738059,24.7492643],[46.5738247,24.7495859],[46.57361,24.7495966],[46.5735695,24.7491268]]]}},{"type":"Feature","properties":{"id":"bld-381","height_m":4.5,"category":"residential"},"geometry":{"type":"Polygon","coordinates":[[[46.5737564,24.748639],[46.5741372,24.748542],[46.5741886,24.748701],[46.5738088,24.7487945],[46.5737564,24.748639]]]}},{"type":"Feature","properties":{"id":"bld-382","height_m":4.5,"category":"residential"},"geometry":{"type":"Polygon","coordinates":[[[46.5741659,24.7498149],[46.57425,24.7498086],[46.574247,24.7497889],[46.5742826,24.7497889],[46.5742846,24.7498042],[46.5743558,24.749797],[46.5743528,24.7498113],[46.5743766,24.7498095],[46.5743766,24.7497745],[46.5744804,24.7497601],[46.5744755,24.7497341],[46.5745467,24.7497287],[46.5745516,24.7497646],[46.5745684,24.7497673],[46.5745694,24.7498356],[46.5743934,24.7498509],[46.5743904,24.749885],[46.5743607,24.7498796],[46.5743607,24.7498518],[46.5743133,24.7498545],[46.5743073,24.7498778],[46.5742648,24.7498805],[46.5742589,24.7498634],[46.5741689,24.7498724],[46.5741659,24.7498149]]]}},{"type":"Feature","properties":{"id":"bld-383","height_m":4.5,"category":"residential"},"geometry":{"type":"Polygon","coordinates":[[[46.5740403,24.7500503],[46.5740996,24.7500952],[46.5742816,24.7499245],[46.5742252,24.7498841],[46.5740403,24.7500503]]]}},{"type":"Feature","properties":{"id":"bld-384","height_m":4.5,"category":"residential"},"geometry":{"type":"Polygon","coordinates":[[[46.574607,24.7498994],[46.5746604,24.7499425],[46.5748474,24.7497736],[46.5750333,24.7499461],[46.5751461,24.74985],[46.5749028,24.749638],[46.574607,24.7498994]]]}},{"type":"Feature","properties":{"id":"bld-385","height_m":4.5,"category":"residential"},"geometry":{"type":"Polygon","coordinates":[[[46.5745586,24.7502695],[46.5745882,24.7502946],[46.5748563,24.7500745],[46.5748207,24.750044],[46.5745586,24.7502695]]]}},{"type":"Feature","properties":{"id":"bld-386","height_m":4.5,"category":"residential"},"geometry":{"type":"Polygon","coordinates":[[[46.5758088,24.748366],[46.5758236,24.7483246],[46.5759047,24.7483489],[46.5758938,24.7483875],[46.5758088,24.748366]]]}},{"type":"Feature","properties":{"id":"bld-387","height_m":4.5,"category":"residential"},"geometry":{"type":"Polygon","coordinates":[[[46.5759037,24.748419],[46.5760145,24.7484423],[46.5760323,24.748374],[46.5759175,24.7483498],[46.5759037,24.748419]]]}},{"type":"Feature","properties":{"id":"bld-388","height_m":4.5,"category":"residential"},"geometry":{"type":"Polygon","coordinates":[[[46.576056,24.748366],[46.5760699,24.7484261],[46.5761797,24.748392],[46.5761549,24.7483354],[46.576056,24.748366]]]}},{"type":"Feature","properties":{"id":"bld-389","height_m":4.5,"category":"residential"},"geometry":{"type":"Polygon","coordinates":[[[46.5756762,24.748498],[46.5757257,24.7484315],[46.5758147,24.7484863],[46.5757722,24.7485546],[46.5756762,24.748498]]]}},{"type":"Feature","properties":{"id":"bld-390","height_m":4.5,"category":"residential"},"geometry":{"type":"Polygon","coordinates":[[[46.5755654,24.749355],[46.5757672,24.7492185],[46.5757346,24.7491628],[46.575875,24.7490738],[46.5759977,24.7492481],[46.5757039,24.749435],[46.5756624,24.7493864],[46.5756149,24.7494358],[46.5755654,24.749355]]]}},{"type":"Feature","properties":{"id":"bld-391","height_m":4.5,"category":"residential"},"geometry":{"type":"Polygon","coordinates":[[[46.5807591,24.7326967],[46.5806859,24.7325072],[46.5805277,24.7325557],[46.580588,24.7327371],[46.5807591,24.7326967]]]}},{"type":"Feature","properties":{"id":"bld-392","height_m":4.5,"category":"residential"},"geometry":{"type":"Polygon","coordinates":[[[46.5808086,24.7328845],[46.5807551,24.7327569],[46.5806107,24.7327973],[46.5806582,24.7329177],[46.5808086,24.7328845]]]}},{"type":"Feature","properties":{"id":"bld-393","height_m":4.5,"category":"residential"},"geometry":{"type":"Polygon","coordinates":[[[46.5805751,24.7328126],[46.5806177,24.7329231],[46.5804307,24.7329833],[46.5803773,24.7328611],[46.5805751,24.7328126]]]}},{"type":"Feature","properties":{"id":"bld-394","height_m":4.5,"category":"residential"},"geometry":{"type":"Polygon","coordinates":[[[46.5808283,24.7329213],[46.5808817,24.7330722],[46.5807245,24.7331055],[46.5806632,24.7329617],[46.5808283,24.7329213]]]}},{"type":"Feature","properties":{"id":"bld-395","height_m":4.5,"category":"residential"},"geometry":{"type":"Polygon","coordinates":[[[46.5808986,24.7330974],[46.580952,24.7332654],[46.5807898,24.7332968],[46.5807314,24.7331441],[46.5808986,24.7330974]]]}},{"type":"Feature","properties":{"id":"bld-396","height_m":4.5,"category":"residential"},"geometry":{"type":"Polygon","coordinates":[[[46.580673,24.7331243],[46.5807354,24.7333004],[46.5805405,24.7333624],[46.5804762,24.7331809],[46.580673,24.7331243]]]}},{"type":"Feature","properties":{"id":"bld-397","height_m":4.5,"category":"residential"},"geometry":{"type":"Polygon","coordinates":[[[46.5809757,24.7333237],[46.5810242,24.7334738],[46.5808481,24.7335124],[46.5807937,24.7333588],[46.5809757,24.7333237]]]}},{"type":"Feature","properties":{"id":"bld-398","height_m":4.5,"category":"residential"},"geometry":{"type":"Polygon","coordinates":[[[46.5810153,24.7335178],[46.5810608,24.7336543],[46.5809025,24.7336956],[46.5808541,24.7335645],[46.5810153,24.7335178]]]}},{"type":"Feature","properties":{"id":"bld-399","height_m":4.5,"category":"residential"},"geometry":{"type":"Polygon","coordinates":[[[46.5810578,24.7336876],[46.5810964,24.7337918],[46.580951,24.7338403],[46.5809124,24.7337325],[46.5810578,24.7336876]]]}},{"type":"Feature","properties":{"id":"bld-400","height_m":4.5,"category":"residential"},"geometry":{"type":"Polygon","coordinates":[[[46.5808738,24.733728],[46.5809272,24.7338816],[46.5807472,24.733922],[46.5806829,24.7337612],[46.5808738,24.733728]]]}},{"type":"Feature","properties":{"id":"bld-401","height_m":4.5,"category":"residential"},"geometry":{"type":"Polygon","coordinates":[[[46.5811112,24.7338735],[46.5811587,24.7339912],[46.5810242,24.734028],[46.5809807,24.7339256],[46.5811112,24.7338735]]]}},{"type":"Feature","properties":{"id":"bld-402","height_m":4.5,"category":"residential"},"geometry":{"type":"Polygon","coordinates":[[[46.581222,24.734152],[46.5811785,24.7340397],[46.581039,24.734081],[46.5810825,24.7341852],[46.581222,24.734152]]]}},{"type":"Feature","properties":{"id":"bld-403","height_m":4.5,"category":"residential"},"geometry":{"type":"Polygon","coordinates":[[[46.5812368,24.7341879],[46.5812774,24.7342984],[46.5811369,24.7343478],[46.5810924,24.7342274],[46.5812368,24.7341879]]]}},{"type":"Feature","properties":{"id":"bld-404","height_m":4.5,"category":"residential"},"geometry":{"type":"Polygon","coordinates":[[[46.5810944,24.7343793],[46.581036,24.7342463],[46.5808699,24.7342867],[46.5809154,24.7344314],[46.5810944,24.7343793]]]}},{"type":"Feature","properties":{"id":"bld-405","height_m":4.5,"category":"residential"},"geometry":{"type":"Polygon","coordinates":[[[46.5809905,24.7340631],[46.5810351,24.7342068],[46.5808709,24.7342508],[46.5808076,24.7341196],[46.5809905,24.7340631]]]}},{"type":"Feature","properties":{"id":"bld-406","height_m":4.5,"category":"residential"},"geometry":{"type":"Polygon","coordinates":[[[46.5811439,24.7343945],[46.5811983,24.7345392],[46.5813624,24.7344862],[46.5812932,24.7343469],[46.5811439,24.7343945]]]}},{"type":"Feature","properties":{"id":"bld-407","height_m":4.5,"category":"residential"},"geometry":{"type":"Polygon","coordinates":[[[46.5813614,24.7345149],[46.5814079,24.7346604],[46.5812457,24.7347116],[46.5812012,24.7345769],[46.5813614,24.7345149]]]}},{"type":"Feature","properties":{"id":"bld-408","height_m":4.5,"category":"residential"},"geometry":{"type":"Polygon","coordinates":[[[46.5811528,24.7345706],[46.5812052,24.7347287],[46.581038,24.7347691],[46.5809836,24.7346146],[46.5811528,24.7345706]]]}},{"type":"Feature","properties":{"id":"bld-409","height_m":4.5,"category":"residential"},"geometry":{"type":"Polygon","coordinates":[[[46.5814337,24.7347287],[46.5815009,24.734912],[46.5813318,24.7349623],[46.5812606,24.7347844],[46.5814337,24.7347287]]]}},{"type":"Feature","properties":{"id":"bld-410","height_m":4.5,"category":"residential"},"geometry":{"type":"Polygon","coordinates":[[[46.5811686,24.7348311],[46.581217,24.7349748],[46.5810835,24.7350135],[46.5810301,24.7348625],[46.5811686,24.7348311]]]}},{"type":"Feature","properties":{"id":"bld-411","height_m":4.5,"category":"residential"},"geometry":{"type":"Polygon","coordinates":[[[46.5801439,24.7354554],[46.5800796,24.7352964],[46.5798808,24.7353467],[46.5799312,24.7354941],[46.5801439,24.7354554]]]}},{"type":"Feature","properties":{"id":"bld-412","height_m":4.5,"category":"residential"},"geometry":{"type":"Polygon","coordinates":[[[46.5802151,24.7356674],[46.5801567,24.7355246],[46.5799599,24.7355794],[46.5800104,24.7357312],[46.5802151,24.7356674]]]}},{"type":"Feature","properties":{"id":"bld-413","height_m":4.5,"category":"residential"},"geometry":{"type":"Polygon","coordinates":[[[46.5799263,24.7357249],[46.5798709,24.7355659],[46.5797225,24.7356001],[46.579768,24.7357707],[46.5799263,24.7357249]]]}},{"type":"Feature","properties":{"id":"bld-414","height_m":4.5,"category":"residential"},"geometry":{"type":"Polygon","coordinates":[[[46.5798729,24.7355201],[46.5798244,24.7353818],[46.579771,24.7353908],[46.5797858,24.7354366],[46.5796948,24.7354716],[46.5797176,24.7355587],[46.5798729,24.7355201]]]}},{"type":"Feature","properties":{"id":"bld-415","height_m":4.5,"category":"residential"},"geometry":{"type":"Polygon","coordinates":[[[46.5796355,24.7355866],[46.579587,24.7354186],[46.5794496,24.7354464],[46.5794951,24.7356099],[46.5796355,24.7355866]]]}},{"type":"Feature","properties":{"id":"bld-416","height_m":4.5,"category":"residential"},"geometry":{"type":"Polygon","coordinates":[[[46.5794496,24.7356207],[46.5794159,24.7355246],[46.5793724,24.7355336],[46.5793447,24.7354581],[46.5792527,24.7354806],[46.5793042,24.7356647],[46.5794496,24.7356207]]]}},{"type":"Feature","properties":{"id":"bld-417","height_m":4.5,"category":"residential"},"geometry":{"type":"Polygon","coordinates":[[[46.5797196,24.7358004],[46.5796711,24.7356764],[46.5795158,24.7357267],[46.5795544,24.7358372],[46.5797196,24.7358004]]]}},{"type":"Feature","properties":{"id":"bld-418","height_m":4.5,"category":"residential"},"geometry":{"type":"Polygon","coordinates":[[[46.5794931,24.7358606],[46.5794238,24.7357016],[46.5792962,24.7357357],[46.5793546,24.7358992],[46.5794931,24.7358606]]]}},{"type":"Feature","properties":{"id":"bld-419","height_m":4.5,"category":"residential"},"geometry":{"type":"Polygon","coordinates":[[[46.5803971,24.7362199],[46.5803249,24.7360232],[46.5801103,24.7360771],[46.5801854,24.7362998],[46.5803971,24.7362199]]]}},{"type":"Feature","properties":{"id":"bld-420","height_m":4.5,"category":"residential"},"geometry":{"type":"Polygon","coordinates":[[[46.5802448,24.7358309],[46.5803219,24.7359935],[46.5802003,24.7360232],[46.5801103,24.7360555],[46.580041,24.7359127],[46.5802448,24.7358309]]]}},{"type":"Feature","properties":{"id":"bld-421","height_m":4.5,"category":"residential"},"geometry":{"type":"Polygon","coordinates":[[[46.580408,24.7362711],[46.5804555,24.7364058],[46.5802497,24.7364579],[46.5802082,24.73636],[46.580408,24.7362711]]]}},{"type":"Feature","properties":{"id":"bld-422","height_m":4.5,"category":"residential"},"geometry":{"type":"Polygon","coordinates":[[[46.5804555,24.7364373],[46.5804792,24.7365181],[46.5803051,24.7365648],[46.5802665,24.7364894],[46.5804555,24.7364373]]]}},{"type":"Feature","properties":{"id":"bld-423","height_m":4.5,"category":"residential"},"geometry":{"type":"Polygon","coordinates":[[[46.5804772,24.7365514],[46.5805089,24.7366304],[46.580314,24.736687],[46.5802883,24.7366169],[46.5804772,24.7365514]]]}},{"type":"Feature","properties":{"id":"bld-424","height_m":4.5,"category":"residential"},"geometry":{"type":"Polygon","coordinates":[[[46.5805286,24.7366771],[46.5805652,24.7367715],[46.5803635,24.7368182],[46.5803378,24.7367346],[46.5805286,24.7366771]]]}},{"type":"Feature","properties":{"id":"bld-425","height_m":4.5,"category":"residential"},"geometry":{"type":"Polygon","coordinates":[[[46.5804733,24.7350934],[46.5805296,24.7352291],[46.5802794,24.7353054],[46.580229,24.7351581],[46.5804733,24.7350934]]]}},{"type":"Feature","properties":{"id":"bld-426","height_m":4.5,"category":"residential"},"geometry":{"type":"Polygon","coordinates":[[[46.5805524,24.7353171],[46.5806008,24.7354384],[46.5803615,24.7355057],[46.5803031,24.7353647],[46.5805524,24.7353171]]]}},{"type":"Feature","properties":{"id":"bld-427","height_m":4.5,"category":"residential"},"geometry":{"type":"Polygon","coordinates":[[[46.5806137,24.7355102],[46.5806523,24.735627],[46.5804278,24.7356899],[46.5803763,24.735574],[46.5806137,24.7355102]]]}},{"type":"Feature","properties":{"id":"bld-428","height_m":4.5,"category":"residential"},"geometry":{"type":"Polygon","coordinates":[[[46.580499,24.7350332],[46.5805524,24.7351761],[46.5806829,24.7351419],[46.5806424,24.7349856],[46.580499,24.7350332]]]}},{"type":"Feature","properties":{"id":"bld-429","height_m":4.5,"category":"residential"},"geometry":{"type":"Polygon","coordinates":[[[46.5805781,24.7352479],[46.5806345,24.7354087],[46.580767,24.7353692],[46.5807166,24.7352111],[46.5805781,24.7352479]]]}},{"type":"Feature","properties":{"id":"bld-430","height_m":4.5,"category":"residential"},"geometry":{"type":"Polygon","coordinates":[[[46.580678,24.7354824],[46.5807235,24.7355947],[46.5808719,24.7355489],[46.5808204,24.7354294],[46.580678,24.7354824]]]}},{"type":"Feature","properties":{"id":"bld-431","height_m":4.5,"category":"residential"},"geometry":{"type":"Polygon","coordinates":[[[46.5807215,24.735671],[46.5807621,24.7357932],[46.5809322,24.7357429],[46.5808906,24.7356216],[46.5807215,24.735671]]]}},{"type":"Feature","properties":{"id":"bld-432","height_m":4.5,"category":"residential"},"geometry":{"type":"Polygon","coordinates":[[[46.5806572,24.7356782],[46.5807007,24.7357977],[46.5804663,24.7358687],[46.5804327,24.7358049],[46.5804792,24.735795],[46.5804614,24.7357312],[46.5806572,24.7356782]]]}},{"type":"Feature","properties":{"id":"bld-433","height_m":4.5,"category":"residential"},"geometry":{"type":"Polygon","coordinates":[[[46.5807512,24.7359091],[46.5808076,24.7360402],[46.5805494,24.7361166],[46.5805138,24.7359827],[46.5807512,24.7359091]]]}},{"type":"Feature","properties":{"id":"bld-434","height_m":4.5,"category":"residential"},"geometry":{"type":"Polygon","coordinates":[[[46.5808125,24.7360914],[46.580858,24.7362109],[46.580591,24.7362774],[46.5805544,24.7361462],[46.5808125,24.7360914]]]}},{"type":"Feature","properties":{"id":"bld-435","height_m":4.5,"category":"residential"},"geometry":{"type":"Polygon","coordinates":[[[46.5808461,24.7362729],[46.5808966,24.7363996],[46.580677,24.7364454],[46.5806315,24.7363124],[46.5808461,24.7362729]]]}},{"type":"Feature","properties":{"id":"bld-436","height_m":4.5,"category":"residential"},"geometry":{"type":"Polygon","coordinates":[[[46.5811389,24.7363861],[46.5812052,24.7366116],[46.580769,24.73674],[46.5807027,24.7365011],[46.5811389,24.7363861]]]}},{"type":"Feature","properties":{"id":"bld-437","height_m":4.5,"category":"residential"},"geometry":{"type":"Polygon","coordinates":[[[46.5809371,24.7362361],[46.5809935,24.7363834],[46.581225,24.7363151],[46.5811498,24.7361579],[46.5809371,24.7362361]]]}},{"type":"Feature","properties":{"id":"bld-438","height_m":4.5,"category":"residential"},"geometry":{"type":"Polygon","coordinates":[[[46.5808511,24.7360429],[46.5809015,24.7361831],[46.581134,24.7361166],[46.5810806,24.7359809],[46.5808511,24.7360429]]]}},{"type":"Feature","properties":{"id":"bld-439","height_m":4.5,"category":"residential"},"geometry":{"type":"Polygon","coordinates":[[[46.5808046,24.7358956],[46.5808353,24.7360034],[46.5810885,24.7359324],[46.5810341,24.7358175],[46.5808046,24.7358956]]]}},{"type":"Feature","properties":{"id":"bld-440","height_m":4.5,"category":"residential"},"geometry":{"type":"Polygon","coordinates":[[[46.5819598,24.7363115],[46.5820192,24.7364858],[46.5818758,24.7365136],[46.5818016,24.7363618],[46.5819598,24.7363115]]]}},{"type":"Feature","properties":{"id":"bld-441","height_m":4.5,"category":"residential"},"geometry":{"type":"Polygon","coordinates":[[[46.5820212,24.7365271],[46.5820597,24.7366376],[46.5819094,24.7366933],[46.581855,24.7365595],[46.5820212,24.7365271]]]}},{"type":"Feature","properties":{"id":"bld-442","height_m":4.5,"category":"residential"},"geometry":{"type":"Polygon","coordinates":[[[46.5817561,24.7363852],[46.5818125,24.736537],[46.5816156,24.7365945],[46.5815642,24.7364427],[46.5817561,24.7363852]]]}},{"type":"Feature","properties":{"id":"bld-443","height_m":4.5,"category":"residential"},"geometry":{"type":"Polygon","coordinates":[[[46.5815573,24.7350871],[46.5816028,24.7352389],[46.5814524,24.7352803],[46.581406,24.7351419],[46.5815573,24.7350871]]]}},{"type":"Feature","properties":{"id":"bld-444","height_m":4.5,"category":"residential"},"geometry":{"type":"Polygon","coordinates":[[[46.5813525,24.7351401],[46.5814119,24.7352874],[46.5812457,24.7353467],[46.5811874,24.7351904],[46.5813525,24.7351401]]]}},{"type":"Feature","properties":{"id":"bld-445","height_m":4.5,"category":"residential"},"geometry":{"type":"Polygon","coordinates":[[[46.5814544,24.7353306],[46.5815009,24.7354599],[46.5816592,24.7353926],[46.5815978,24.7352803],[46.5814544,24.7353306]]]}},{"type":"Feature","properties":{"id":"bld-446","height_m":4.5,"category":"residential"},"geometry":{"type":"Polygon","coordinates":[[[46.5815108,24.7355057],[46.5815514,24.7356234],[46.5817225,24.7355632],[46.5816671,24.7354456],[46.5815108,24.7355057]]]}},{"type":"Feature","properties":{"id":"bld-447","height_m":4.5,"category":"residential"},"geometry":{"type":"Polygon","coordinates":[[[46.5815692,24.7356486],[46.5816107,24.735777],[46.581766,24.7357357],[46.5817126,24.7355956],[46.5815692,24.7356486]]]}},{"type":"Feature","properties":{"id":"bld-448","height_m":4.5,"category":"residential"},"geometry":{"type":"Polygon","coordinates":[[[46.581677,24.7360097],[46.5817274,24.7361453],[46.5818916,24.736086],[46.5818352,24.7359639],[46.581677,24.7360097]]]}},{"type":"Feature","properties":{"id":"bld-449","height_m":4.5,"category":"residential"},"geometry":{"type":"Polygon","coordinates":[[[46.5816156,24.735821],[46.5816691,24.7359567],[46.5818243,24.7359181],[46.5817739,24.735777],[46.5816156,24.735821]]]}},{"type":"Feature","properties":{"id":"bld-450","height_m":4.5,"category":"residential"},"geometry":{"type":"Polygon","coordinates":[[[46.5815692,24.7358444],[46.5816156,24.7359756],[46.5814346,24.7360393],[46.5813783,24.7358902],[46.5815692,24.7358444]]]}},{"type":"Feature","properties":{"id":"bld-451","height_m":4.5,"category":"residential"},"geometry":{"type":"Polygon","coordinates":[[[46.5816334,24.7360052],[46.5816918,24.7361615],[46.5814831,24.7362172],[46.5814366,24.73606],[46.5816334,24.7360052]]]}},{"type":"Feature","properties":{"id":"bld-452","height_m":4.5,"category":"residential"},"geometry":{"type":"Polygon","coordinates":[[[46.5819163,24.73576],[46.5820063,24.7360384],[46.582032,24.7360591],[46.5824158,24.7359603],[46.5823189,24.7356333],[46.5819163,24.73576]]]}},{"type":"Feature","properties":{"id":"bld-453","height_m":4.5,"category":"residential"},"geometry":{"type":"Polygon","coordinates":[[[46.5819143,24.7355974],[46.5822813,24.7354851],[46.5821656,24.7351365],[46.5817779,24.7352506],[46.5819143,24.7355974]]]}},{"type":"Feature","properties":{"id":"bld-454","height_m":4.5,"category":"residential"},"geometry":{"type":"Polygon","coordinates":[[[46.5818985,24.7350198],[46.581853,24.7348904],[46.5817056,24.7349236],[46.5817462,24.7350512],[46.5818985,24.7350198]]]}},{"type":"Feature","properties":{"id":"bld-455","height_m":4.5,"category":"residential"},"geometry":{"type":"Polygon","coordinates":[[[46.5820855,24.7349407],[46.5820271,24.7348212],[46.5818985,24.7348599],[46.5819391,24.7349928],[46.5820855,24.7349407]]]}},{"type":"Feature","properties":{"id":"bld-456","height_m":4.5,"category":"residential"},"geometry":{"type":"Polygon","coordinates":[[[46.5819648,24.7346622],[46.5820053,24.7347763],[46.5818639,24.7348266],[46.5818323,24.7347161],[46.5819648,24.7346622]]]}},{"type":"Feature","properties":{"id":"bld-457","height_m":4.5,"category":"residential"},"geometry":{"type":"Polygon","coordinates":[[[46.581851,24.7343182],[46.5818985,24.7344664],[46.581761,24.7345113],[46.5817056,24.7343541],[46.581851,24.7343182]]]}},{"type":"Feature","properties":{"id":"bld-458","height_m":4.5,"category":"residential"},"geometry":{"type":"Polygon","coordinates":[[[46.581673,24.7343855],[46.5817136,24.7345167],[46.5815632,24.7345481],[46.5815296,24.7344107],[46.581673,24.7343855]]]}},{"type":"Feature","properties":{"id":"bld-459","height_m":4.5,"category":"residential"},"geometry":{"type":"Polygon","coordinates":[[[46.5817284,24.7345634],[46.5817719,24.7346775],[46.5816196,24.7347179],[46.5815761,24.7345787],[46.5817284,24.7345634]]]}},{"type":"Feature","properties":{"id":"bld-460","height_m":4.5,"category":"residential"},"geometry":{"type":"Polygon","coordinates":[[[46.5817798,24.7347242],[46.5818214,24.7348347],[46.581677,24.7348751],[46.5816384,24.7347512],[46.5817798,24.7347242]]]}},{"type":"Feature","properties":{"id":"bld-461","height_m":4.5,"category":"residential"},"geometry":{"type":"Polygon","coordinates":[[[46.5815998,24.734196],[46.5816512,24.7343469],[46.5815078,24.7343873],[46.5814604,24.734231],[46.5815998,24.734196]]]}},{"type":"Feature","properties":{"id":"bld-462","height_m":4.5,"category":"residential"},"geometry":{"type":"Polygon","coordinates":[[[46.5817779,24.7341574],[46.5818214,24.7342751],[46.5817007,24.7343119],[46.5816404,24.7342014],[46.5817779,24.7341574]]]}},{"type":"Feature","properties":{"id":"bld-463","height_m":4.5,"category":"residential"},"geometry":{"type":"Polygon","coordinates":[[[46.5815425,24.7340181],[46.581585,24.7341556],[46.5814604,24.7341825],[46.5814158,24.7340639],[46.5815425,24.7340181]]]}},{"type":"Feature","properties":{"id":"bld-464","height_m":4.5,"category":"residential"},"geometry":{"type":"Polygon","coordinates":[[[46.5815889,24.7340154],[46.5816344,24.7341628],[46.581761,24.7341322],[46.5817155,24.7340002],[46.5815889,24.7340154]]]}},{"type":"Feature","properties":{"id":"bld-465","height_m":4.5,"category":"residential"},"geometry":{"type":"Polygon","coordinates":[[[46.5816344,24.7336112],[46.5816948,24.7337756],[46.5815296,24.7338241],[46.5814653,24.7336561],[46.5816344,24.7336112]]]}},{"type":"Feature","properties":{"id":"bld-466","height_m":4.5,"category":"residential"},"geometry":{"type":"Polygon","coordinates":[[[46.5815009,24.7338394],[46.5814307,24.7336516],[46.5812527,24.7336929],[46.581308,24.7338762],[46.5815009,24.7338394]]]}},{"type":"Feature","properties":{"id":"bld-467","height_m":4.5,"category":"residential"},"geometry":{"type":"Polygon","coordinates":[[[46.5814455,24.7334369],[46.5814069,24.7333094],[46.5811834,24.7333731],[46.581218,24.7334935],[46.5814455,24.7334369]]]}},{"type":"Feature","properties":{"id":"bld-468","height_m":4.5,"category":"residential"},"geometry":{"type":"Polygon","coordinates":[[[46.5813595,24.7334818],[46.5814109,24.7336112],[46.5812437,24.7336561],[46.5812052,24.7335277],[46.5813595,24.7334818]]]}},{"type":"Feature","properties":{"id":"bld-469","height_m":4.5,"category":"residential"},"geometry":{"type":"Polygon","coordinates":[[[46.5815533,24.7334504],[46.5815978,24.7335672],[46.5814544,24.733604],[46.581403,24.7334872],[46.5815533,24.7334504]]]}},{"type":"Feature","properties":{"id":"bld-470","height_m":4.5,"category":"residential"},"geometry":{"type":"Polygon","coordinates":[[[46.5814455,24.7330848],[46.5814861,24.7332321],[46.5813466,24.7332788],[46.5812972,24.7331279],[46.5814455,24.7330848]]]}},{"type":"Feature","properties":{"id":"bld-471","height_m":4.5,"category":"residential"},"geometry":{"type":"Polygon","coordinates":[[[46.5812635,24.7331486],[46.5813041,24.7332905],[46.5811706,24.7333246],[46.5811241,24.7331854],[46.5812635,24.7331486]]]}},{"type":"Feature","properties":{"id":"bld-472","height_m":4.5,"category":"residential"},"geometry":{"type":"Polygon","coordinates":[[[46.5813773,24.7329069],[46.5814218,24.733056],[46.5812823,24.7330893],[46.5812309,24.7329473],[46.5813773,24.7329069]]]}},{"type":"Feature","properties":{"id":"bld-473","height_m":4.5,"category":"residential"},"geometry":{"type":"Polygon","coordinates":[[[46.5812586,24.7331216],[46.581218,24.7330408],[46.5810677,24.7330848],[46.5811023,24.7331602],[46.5812586,24.7331216]]]}},{"type":"Feature","properties":{"id":"bld-474","height_m":4.5,"category":"residential"},"geometry":{"type":"Polygon","coordinates":[[[46.5812141,24.7330228],[46.5811409,24.7328045],[46.5809886,24.7328431],[46.5810726,24.7330614],[46.5812141,24.7330228]]]}},{"type":"Feature","properties":{"id":"bld-475","height_m":4.5,"category":"residential"},"geometry":{"type":"Polygon","coordinates":[[[46.5808897,24.7324371],[46.5811814,24.7323572],[46.5811409,24.7322565],[46.5808471,24.7323266],[46.5808897,24.7324371]]]}},{"type":"Feature","properties":{"id":"bld-476","height_m":4.5,"category":"residential"},"geometry":{"type":"Polygon","coordinates":[[[46.5808659,24.7325027],[46.5810202,24.7324659],[46.5810637,24.732615],[46.5809243,24.7326401],[46.5808659,24.7325027]]]}},{"type":"Feature","properties":{"id":"bld-477","height_m":4.5,"category":"residential"},"geometry":{"type":"Polygon","coordinates":[[[46.5810825,24.7326554],[46.5811221,24.7327695],[46.5809777,24.7328099],[46.5809223,24.7326805],[46.5810825,24.7326554]]]}},{"type":"Feature","properties":{"id":"bld-478","height_m":4.5,"category":"residential"},"geometry":{"type":"Polygon","coordinates":[[[46.5811409,24.7326437],[46.5811755,24.7327713],[46.5813229,24.7327309],[46.5812586,24.7325916],[46.5811409,24.7326437]]]}},{"type":"Feature","properties":{"id":"bld-479","height_m":4.5,"category":"residential"},"geometry":{"type":"Polygon","coordinates":[[[46.5811834,24.7328099],[46.581218,24.7329105],[46.5813427,24.7328764],[46.5813041,24.7327641],[46.5811834,24.7328099]]]}},{"type":"Feature","properties":{"id":"bld-480","height_m":4.5,"category":"residential"},"geometry":{"type":"Polygon","coordinates":[[[46.5810598,24.7324578],[46.5811082,24.7325934],[46.5812546,24.7325449],[46.5812012,24.732412],[46.5810598,24.7324578]]]}},{"type":"Feature","properties":{"id":"bld-481","height_m":4.5,"category":"residential"},"geometry":{"type":"Polygon","coordinates":[[[46.5757158,24.7315999],[46.5757712,24.7316232],[46.5756327,24.7317849],[46.5755813,24.7317508],[46.5757158,24.7315999]]]}},{"type":"Feature","properties":{"id":"bld-482","height_m":4.5,"category":"residential"},"geometry":{"type":"Polygon","coordinates":[[[46.5757534,24.7317607],[46.5758196,24.7317786],[46.5758088,24.7318343],[46.5757356,24.7318164],[46.5757534,24.7317607]]]}},{"type":"Feature","properties":{"id":"bld-483","height_m":4.5,"category":"residential"},"geometry":{"type":"Polygon","coordinates":[[[46.570536,24.7500314],[46.5706477,24.7498374],[46.5707575,24.7498949],[46.5708149,24.7497691],[46.5711561,24.7499191],[46.5710424,24.7500701],[46.5707783,24.7499389],[46.5707001,24.7501114],[46.570536,24.7500314]]]}},{"type":"Feature","properties":{"id":"bld-484","height_m":4.5,"category":"residential"},"geometry":{"type":"Polygon","coordinates":[[[46.5735813,24.7505075],[46.5736258,24.750486],[46.5736733,24.7505435],[46.5737,24.7505291],[46.5736872,24.7505075],[46.5737999,24.7504518],[46.5738662,24.750574],[46.5737871,24.7506216],[46.5737346,24.750654],[46.573704,24.7506001],[46.5736565,24.7506126],[46.5735813,24.7505075]]]}},{"type":"Feature","properties":{"id":"bld-485","height_m":4.5,"category":"residential"},"geometry":{"type":"Polygon","coordinates":[[[46.5737861,24.7508812],[46.574065,24.7507618],[46.5740274,24.7506468],[46.5738415,24.7507123],[46.5737841,24.7506414],[46.5736387,24.7507088],[46.5737861,24.7508812]]]}},{"type":"Feature","properties":{"id":"bld-486","height_m":4.5,"category":"residential"},"geometry":{"type":"Polygon","coordinates":[[[46.5732075,24.7508498],[46.5733825,24.7507501],[46.5734043,24.7507743],[46.573431,24.7507609],[46.5734557,24.7508399],[46.5732411,24.750936],[46.5732075,24.7508498]]]}},{"type":"Feature","properties":{"id":"bld-487","height_m":4.5,"category":"residential"},"geometry":{"type":"Polygon","coordinates":[[[46.5756861,24.7485375],[46.5757969,24.7486211],[46.5757613,24.7486849],[46.5757959,24.7487468],[46.5757474,24.7487864],[46.5756732,24.7487109],[46.5757089,24.7486651],[46.5756188,24.748622],[46.5756861,24.7485375]]]}},{"type":"Feature","properties":{"id":"bld-488","height_m":4.5,"category":"residential"},"geometry":{"type":"Polygon","coordinates":[[[46.5726595,24.7480021],[46.5724666,24.7480587],[46.572527,24.7481737],[46.5726298,24.7481486],[46.5726734,24.7482761],[46.5727871,24.7482348],[46.5726595,24.7480021]]]}},{"type":"Feature","properties":{"id":"bld-489","height_m":4.5,"category":"residential"},"geometry":{"type":"Polygon","coordinates":[[[46.5718673,24.7474218],[46.5720265,24.7473293],[46.572075,24.7473652],[46.5721778,24.7472916],[46.5722659,24.7473859],[46.5720315,24.7475629],[46.5718673,24.7474218]]]}},{"type":"Feature","properties":{"id":"bld-490","height_m":4.5,"category":"residential"},"geometry":{"type":"Polygon","coordinates":[[[46.5723638,24.7471595],[46.572523,24.7470041],[46.5725853,24.7470724],[46.5726496,24.7470329],[46.5727416,24.7471236],[46.5726931,24.7471649],[46.5727416,24.7471847],[46.5726368,24.747323],[46.5724904,24.7473212],[46.5723638,24.7471595]]]}},{"type":"Feature","properties":{"id":"bld-491","height_m":4.5,"category":"residential"},"geometry":{"type":"Polygon","coordinates":[[[46.57262,24.7473895],[46.5728366,24.7473015],[46.5729177,24.7474353],[46.5727634,24.7475036],[46.57262,24.7473895]]]}},{"type":"Feature","properties":{"id":"bld-492","height_m":4.5,"category":"residential"},"geometry":{"type":"Polygon","coordinates":[[[46.5728692,24.7472718],[46.5729098,24.7472062],[46.5730205,24.7472646],[46.5730532,24.7472278],[46.5731204,24.7472745],[46.5730017,24.7473796],[46.5728692,24.7472718]]]}},{"type":"Feature","properties":{"id":"bld-493","height_m":4.5,"category":"residential"},"geometry":{"type":"Polygon","coordinates":[[[46.5741392,24.7468298],[46.5740185,24.7470122],[46.5739038,24.7469493],[46.5739325,24.746899],[46.5740017,24.7469215],[46.5740531,24.7468784],[46.573975,24.7468406],[46.5740373,24.7467786],[46.5741392,24.7468298]]]}},{"type":"Feature","properties":{"id":"bld-494","height_m":4.5,"category":"residential"},"geometry":{"type":"Polygon","coordinates":[[[46.5710216,24.734037],[46.5710216,24.7341205],[46.5714172,24.7341205],[46.5714172,24.734037],[46.5710216,24.734037]]]}},{"type":"Feature","properties":{"id":"bld-495","height_m":4.5,"category":"residential"},"geometry":{"type":"Polygon","coordinates":[[[46.570987,24.7341313],[46.5712916,24.7341295],[46.5712847,24.7342724],[46.5709909,24.734267],[46.570987,24.7341313]]]}},{"type":"Feature","properties":{"id":"bld-496","height_m":4.5,"category":"residential"},"geometry":{"type":"Polygon","coordinates":[[[46.5655985,24.7350359],[46.5656024,24.7349955],[46.565638,24.7349973],[46.565638,24.7350233],[46.5656568,24.7350242],[46.5657023,24.7350278],[46.5657063,24.7350063],[46.5657399,24.7350099],[46.565733,24.7350485],[46.5656578,24.7350395],[46.5655985,24.7350359]]]}},{"type":"Feature","properties":{"id":"bld-497","height_m":9,"category":"landmark_scale"},"geometry":{"type":"Polygon","coordinates":[[[46.5760244,24.7423706],[46.5760956,24.7424218],[46.5761717,24.742491],[46.5762202,24.7425683],[46.576242,24.742624],[46.5763072,24.7425943],[46.576326,24.7426275],[46.576421,24.7425889],[46.5764002,24.7425126],[46.5764695,24.7424802],[46.576421,24.7423913],[46.5763251,24.7422853],[46.5762004,24.7421892],[46.5761421,24.7421487],[46.5761104,24.7421766],[46.5760956,24.7421595],[46.5760293,24.7422098],[46.5760728,24.7422592],[46.5760442,24.7422808],[46.5760214,24.7422988],[46.5760501,24.7423311],[46.5760244,24.7423706]]]}},{"type":"Feature","properties":{"id":"bld-498","height_m":4.5,"category":"residential"},"geometry":{"type":"Polygon","coordinates":[[[46.5673887,24.7417822],[46.5674263,24.7418002],[46.5674134,24.7418191],[46.5674006,24.74182],[46.5673867,24.7418119],[46.5673798,24.7417984],[46.5673887,24.7417822]]]}},{"type":"Feature","properties":{"id":"bld-499","height_m":4.5,"category":"residential"},"geometry":{"type":"Polygon","coordinates":[[[46.5657646,24.7410914],[46.56582,24.7411121],[46.5658022,24.7411337],[46.5657755,24.7411355],[46.5657597,24.7411265],[46.5657577,24.7411067],[46.5657646,24.7410914]]]}},{"type":"Feature","properties":{"id":"bld-500","height_m":4.5,"category":"residential"},"geometry":{"type":"Polygon","coordinates":[[[46.5687645,24.7355129],[46.5685558,24.7355201],[46.5685588,24.7354698],[46.5685054,24.7354698],[46.5684915,24.7352928],[46.568813,24.7352713],[46.5688219,24.7353926],[46.5687625,24.7354033],[46.5687645,24.7355129]]]}},{"type":"Feature","properties":{"id":"bld-501","height_m":4.5,"category":"residential"},"geometry":{"type":"Polygon","coordinates":[[[46.5687823,24.7349605],[46.5687596,24.7351231],[46.5686607,24.7351168],[46.5686577,24.7349326],[46.5687823,24.7349605]]]}},{"type":"Feature","properties":{"id":"bld-502","height_m":4.5,"category":"residential"},"geometry":{"type":"Polygon","coordinates":[[[46.5698495,24.7354357],[46.5698792,24.7352273],[46.5695686,24.7351608],[46.5695538,24.7353225],[46.5693708,24.7353198],[46.5693609,24.7354384],[46.5695568,24.73545],[46.5695667,24.7353997],[46.5698495,24.7354357]]]}},{"type":"Feature","properties":{"id":"bld-503","height_m":4.5,"category":"residential"},"geometry":{"type":"Polygon","coordinates":[[[46.5696141,24.7357824],[46.5697665,24.7358237],[46.5698129,24.7356764],[46.5698169,24.7355327],[46.5695993,24.7355587],[46.5696141,24.7357824]]]}},{"type":"Feature","properties":{"id":"bld-504","height_m":4.5,"category":"residential"},"geometry":{"type":"Polygon","coordinates":[[[46.5777978,24.7335196],[46.5778947,24.7334899],[46.5779076,24.7335241],[46.5778106,24.7335537],[46.5777978,24.7335196]]]}},{"type":"Feature","properties":{"id":"bld-505","height_m":4,"category":"residential"},"geometry":{"type":"Polygon","coordinates":[[[46.5779847,24.734037],[46.5780273,24.7340244],[46.5780451,24.734072],[46.5780015,24.7340846],[46.5779847,24.734037]]]}},{"type":"Feature","properties":{"id":"bld-506","height_m":4.5,"category":"residential"},"geometry":{"type":"Polygon","coordinates":[[[46.5756653,24.7405695],[46.5757286,24.7405192],[46.5757692,24.7405165],[46.5758523,24.7404509],[46.5758355,24.7404366],[46.5758562,24.7404204],[46.5759096,24.7404761],[46.5759265,24.7404653],[46.5760669,24.7406144],[46.5758968,24.7407537],[46.5758849,24.7407411],[46.5758671,24.7407528],[46.575789,24.7406647],[46.5757702,24.7406809],[46.5756653,24.7405695]]]}},{"type":"Feature","properties":{"id":"bld-507","height_m":4.5,"category":"residential"},"geometry":{"type":"Polygon","coordinates":[[[46.5755318,24.7404285],[46.5757385,24.7402686],[46.5758533,24.7403899],[46.5756436,24.7405417],[46.5755318,24.7404285]]]}},{"type":"Feature","properties":{"id":"bld-508","height_m":4.5,"category":"residential"},"geometry":{"type":"Polygon","coordinates":[[[46.5754111,24.7402488],[46.5755803,24.7401006],[46.5757069,24.7402273],[46.5756821,24.7402488],[46.5757128,24.7402776],[46.575694,24.7402901],[46.5756663,24.7402641],[46.5755991,24.7403207],[46.5755605,24.7402821],[46.5755476,24.7402928],[46.5755348,24.7402821],[46.5754824,24.7403207],[46.5754111,24.7402488]]]}},{"type":"Feature","properties":{"id":"bld-509","height_m":4.5,"category":"residential"},"geometry":{"type":"Polygon","coordinates":[[[46.5754646,24.7397143],[46.5755002,24.7397053],[46.5756446,24.7398482],[46.5754952,24.7398913],[46.5754646,24.7397143]]]}},{"type":"Feature","properties":{"id":"bld-510","height_m":4.5,"category":"residential"},"geometry":{"type":"Polygon","coordinates":[[[46.575154,24.7397368],[46.5753765,24.7397062],[46.5753765,24.7398877],[46.5753805,24.7399173],[46.5751896,24.7399335],[46.575154,24.7397368]]]}},{"type":"Feature","properties":{"id":"bld-511","height_m":4.5,"category":"residential"},"geometry":{"type":"Polygon","coordinates":[[[46.5752311,24.7395922],[46.5754121,24.7395553],[46.5754665,24.7396443],[46.5752539,24.7396973],[46.5752311,24.7395922]]]}},{"type":"Feature","properties":{"id":"bld-512","height_m":4.5,"category":"residential"},"geometry":{"type":"Polygon","coordinates":[[[46.5750284,24.7395589],[46.5751688,24.7395239],[46.5752024,24.739647],[46.575152,24.7396604],[46.5751668,24.7397188],[46.5750778,24.7397359],[46.5750284,24.7395589]]]}},{"type":"Feature","properties":{"id":"bld-513","height_m":4.5,"category":"residential"},"geometry":{"type":"Polygon","coordinates":[[[46.5744784,24.7397592],[46.5745754,24.7397296],[46.5745961,24.7397997],[46.5747069,24.7397745],[46.5746644,24.7396281],[46.5747663,24.7396083],[46.5748315,24.7398167],[46.574521,24.7398841],[46.5744784,24.7397592]]]}},{"type":"Feature","properties":{"id":"bld-514","height_m":4.5,"category":"residential"},"geometry":{"type":"Polygon","coordinates":[[[46.5740057,24.7399479],[46.5741145,24.7399335],[46.5742173,24.7399308],[46.5741896,24.7397512],[46.5739681,24.7397718],[46.5740057,24.7399479]]]}},{"type":"Feature","properties":{"id":"bld-515","height_m":4.5,"category":"residential"},"geometry":{"type":"Polygon","coordinates":[[[46.5737782,24.7397233],[46.5739809,24.7397278],[46.5740749,24.7397143],[46.5741876,24.7396811],[46.5741985,24.739708],[46.5744458,24.7396362],[46.5743637,24.7394457],[46.5741946,24.7395131],[46.5742104,24.7395895],[46.5740749,24.7395688],[46.5740719,24.7395257],[46.5739829,24.7395158],[46.573978,24.7395922],[46.5738533,24.739594],[46.5738533,24.739647],[46.5738158,24.739638],[46.5738088,24.739558],[46.5737544,24.7395589],[46.5737584,24.73962],[46.5737782,24.7397233]]]}},{"type":"Feature","properties":{"id":"bld-516","height_m":4.5,"category":"residential"},"geometry":{"type":"Polygon","coordinates":[[[46.5734231,24.7396317],[46.5734508,24.7396218],[46.5734696,24.7396344],[46.573526,24.7396173],[46.5735853,24.739638],[46.5736011,24.7396595],[46.5737149,24.7396173],[46.5737406,24.7396982],[46.573522,24.739753],[46.5735002,24.7397107],[46.5734537,24.7397143],[46.5734231,24.7396317]]]}},{"type":"Feature","properties":{"id":"bld-517","height_m":4.5,"category":"residential"},"geometry":{"type":"Polygon","coordinates":[[[46.5737989,24.7397808],[46.5739166,24.7397574],[46.5739285,24.7398167],[46.5739611,24.7398248],[46.5739661,24.7398742],[46.5739473,24.7398931],[46.5739493,24.7399353],[46.5738583,24.7399533],[46.5737989,24.7397808]]]}},{"type":"Feature","properties":{"id":"bld-518","height_m":4,"category":"residential"},"geometry":{"type":"Polygon","coordinates":[[[46.5734844,24.739806],[46.5737287,24.7397377],[46.5737376,24.739806],[46.573707,24.739823],[46.5737475,24.7399587],[46.573522,24.7399712],[46.5734844,24.739806]]]}},{"type":"Feature","properties":{"id":"bld-519","height_m":4.5,"category":"residential"},"geometry":{"type":"Polygon","coordinates":[[[46.5733479,24.739823],[46.5734627,24.7398311],[46.5734577,24.7398913],[46.57343,24.7399102],[46.57343,24.7400036],[46.573162,24.7400539],[46.5731283,24.7400099],[46.5731758,24.7399928],[46.5731709,24.7399694],[46.57334,24.7399227],[46.5733479,24.739823]]]}},{"type":"Feature","properties":{"id":"bld-520","height_m":4.5,"category":"residential"},"geometry":{"type":"Polygon","coordinates":[[[46.5746713,24.7398742],[46.5749324,24.739912],[46.5749097,24.7400692],[46.5745803,24.7400242],[46.5745942,24.7399308],[46.5745823,24.7399102],[46.5746713,24.7398742]]]}},{"type":"Feature","properties":{"id":"bld-521","height_m":4.5,"category":"residential"},"geometry":{"type":"Polygon","coordinates":[[[46.5749591,24.7394835],[46.5751065,24.7394484],[46.5750551,24.7392867],[46.5750056,24.7392957],[46.5750056,24.7393137],[46.5749265,24.7393334],[46.5749591,24.7394835]]]}},{"type":"Feature","properties":{"id":"bld-522","height_m":4.5,"category":"residential"},"geometry":{"type":"Polygon","coordinates":[[[46.5757751,24.7402506],[46.5759591,24.7400997],[46.5760639,24.7401033],[46.5761361,24.7401033],[46.5762697,24.7402237],[46.5763033,24.7401877],[46.5763181,24.7401922],[46.5763616,24.7401374],[46.5763824,24.7401518],[46.5764032,24.7401635],[46.5764922,24.7402201],[46.5763755,24.7403737],[46.5763547,24.7403917],[46.5762598,24.7404662],[46.5761094,24.740592],[46.576056,24.7405363],[46.5757751,24.7402506]]]}},{"type":"Feature","properties":{"id":"bld-523","height_m":4.5,"category":"residential"},"geometry":{"type":"Polygon","coordinates":[[[46.5735289,24.7510438],[46.5735734,24.7511229],[46.5736605,24.7510834],[46.573616,24.7510043],[46.5735289,24.7510438]]]}},{"type":"Feature","properties":{"id":"bld-524","height_m":9,"category":"landmark_scale"},"geometry":{"type":"Polygon","coordinates":[[[46.564194,24.7380264],[46.563381,24.7382429],[46.5633562,24.7381459],[46.5630912,24.7381899],[46.5627005,24.738401],[46.5624077,24.7385986],[46.5622069,24.7386876],[46.5617697,24.7387819],[46.5617045,24.7388987],[46.5617262,24.738949],[46.5622376,24.7393909],[46.5626382,24.7395957],[46.5631871,24.7398769],[46.5638616,24.7401635],[46.5649556,24.7407052],[46.5657745,24.7410663],[46.5665173,24.7413717],[46.5666805,24.7414193],[46.569087,24.7425449],[46.5697585,24.7405938],[46.5698169,24.7405156],[46.56981,24.7404357],[46.5697991,24.7403665],[46.5691473,24.7400081],[46.5685093,24.7397835],[46.5671583,24.7392957],[46.5668239,24.739205],[46.5656756,24.7391385],[46.5656578,24.7390298],[46.5650654,24.7388969],[46.5643483,24.7386624],[46.5644136,24.7385088],[46.5642533,24.7380507],[46.564194,24.7380264]]]}},{"type":"Feature","properties":{"id":"bld-525","height_m":4,"category":"residential"},"geometry":{"type":"Polygon","coordinates":[[[46.5653156,24.7325701],[46.5654531,24.7329662],[46.5650367,24.7327991],[46.5653156,24.7325701]]]}},{"type":"Feature","properties":{"id":"bld-526","height_m":4.5,"category":"residential"},"geometry":{"type":"Polygon","coordinates":[[[46.582758,24.7367247],[46.5828312,24.7369197],[46.5830261,24.7368604],[46.5829529,24.7366655],[46.582758,24.7367247]]]}},{"type":"Feature","properties":{"id":"bld-527","height_m":4.5,"category":"residential"},"geometry":{"type":"Polygon","coordinates":[[[46.5761905,24.7434252],[46.5762103,24.7432851],[46.5762964,24.743295],[46.5762766,24.7434351],[46.5761905,24.7434252]]]}},{"type":"Feature","properties":{"id":"bld-528","height_m":9,"category":"landmark_scale"},"geometry":{"type":"Polygon","coordinates":[[[46.5761668,24.7430587],[46.5761688,24.7430587],[46.5762835,24.7430749],[46.5763122,24.7432447],[46.5761965,24.7432689],[46.5761668,24.7430587]]]}},{"type":"Feature","properties":{"id":"bld-529","height_m":4.5,"category":"residential"},"geometry":{"type":"Polygon","coordinates":[[[46.5757,24.7434917],[46.575787,24.7435636],[46.5760966,24.7434091],[46.5760471,24.7431953],[46.5759067,24.7433318],[46.5757,24.7434917]]]}},{"type":"Feature","properties":{"id":"bld-530","height_m":4.5,"category":"residential"},"geometry":{"type":"Polygon","coordinates":[[[46.5750739,24.743145],[46.5751401,24.7431423],[46.5751817,24.7431198],[46.5751322,24.7430453],[46.5749868,24.7429464],[46.5748286,24.7431037],[46.5748849,24.7431611],[46.5750086,24.7430767],[46.5750739,24.743145]]]}},{"type":"Feature","properties":{"id":"bld-531","height_m":4.5,"category":"residential"},"geometry":{"type":"Polygon","coordinates":[[[46.5734755,24.7431782],[46.5733133,24.7432923],[46.573249,24.7432609],[46.573432,24.7431117],[46.5734755,24.7431782]]]}},{"type":"Feature","properties":{"id":"bld-532","height_m":9,"category":"landmark_scale"},"geometry":{"type":"Polygon","coordinates":[[[46.5761045,24.7429617],[46.5758641,24.7429051],[46.5759967,24.7426527],[46.5761391,24.7427794],[46.57615,24.7428548],[46.5761203,24.7429258],[46.5761045,24.7429617]]]}},{"type":"Feature","properties":{"id":"bld-533","height_m":9,"category":"landmark_scale"},"geometry":{"type":"Polygon","coordinates":[[[46.5761688,24.7430587],[46.5761727,24.7429438],[46.5762608,24.7429312],[46.5762835,24.7430749],[46.5761688,24.7430587]]]}},{"type":"Feature","properties":{"id":"bld-534","height_m":4.5,"category":"residential"},"geometry":{"type":"Polygon","coordinates":[[[46.5844444,24.7409172],[46.5848529,24.7421074],[46.5840478,24.742359],[46.5840587,24.7424937],[46.5837372,24.7425233],[46.5836719,24.7422332],[46.5837798,24.7420975],[46.5839519,24.7420589],[46.5837906,24.7414975],[46.583941,24.7413717],[46.5838332,24.7411301],[46.5844444,24.7409172]]]}}]}